lemma,n_total,n_texts,texts,bare_proportion,determiner_proportion,quantifier_proportion,numeral_proportion,genitive_proportion,cluster_raw_k8,cluster_arc_k8,cluster_raw_k12,cluster_arc_k12
man,1719,10,coapollo_o3;cobenrul_o3;coblick_o23;coboeth_o2;cochronA_o23;cocura_o2;coeuphr;coeust;colacnu_o23;colawaf_o2,0.5625,0.2251,0.2065,0.0175,0.2461,5,1,5,4
mod,565,8,coapollo_o3;cobenrul_o3;coblick_o23;coboeth_o2;cocura_o2;coeuphr;coeust;colacnu_o23,0.5504,0.4106,0.0336,0.0053,0.2018,0,4,0,6
cyning,555,10,coapollo_o3;cobenrul_o3;coblick_o23;coboeth_o2;cochronA_o23;cocura_o2;coeuphr;coeust;colacnu_o23;colawaf_o2,0.555,0.4144,0.0198,0.0198,0.1982,0,4,0,6
god,468,8,coapollo_o3;cobenrul_o3;coblick_o23;coboeth_o2;cochronA_o23;cocura_o2;coeuphr;coeust,0.4573,0.3953,0.2009,0.0171,0.1731,5,1,5,4
þing,440,9,coapollo_o3;cobenrul_o3;coblick_o23;coboeth_o2;cochronA_o23;cocura_o2;coeuphr;coeust;colawaf_o2,0.3227,0.2909,0.4091,0.0545,0.1841,4,1,4,4
dæg,386,10,coapollo_o3;cobenrul_o3;coblick_o23;coboeth_o2;cochronA_o23;cocura_o2;coeuphr;coeust;colacnu_o23;colawaf_o2,0.3187,0.4637,0.1218,0.1321,0.1503,0,6,3,2
word,327,9,coapollo_o3;cobenrul_o3;coblick_o23;coboeth_o2;cochronA_o23;cocura_o2;coeuphr;coeust;colacnu_o23,0.4924,0.4281,0.0765,0.0183,0.0826,0,6,3,2
lif,311,10,coapollo_o3;cobenrul_o3;coblick_o23;coboeth_o2;cochronA_o23;cocura_o2;coeuphr;coeust;colacnu_o23;colawaf_o2,0.5273,0.4373,0.0354,0.0,0.3826,0,4,0,6
weorc,309,8,coapollo_o3;cobenrul_o3;coblick_o23;coboeth_o2;cocura_o2;coeuphr;coeust;colawaf_o2,0.7023,0.233,0.0777,0.0032,0.2557,0,4,0,6
yfel,271,9,cobenrul_o3;coblick_o23;coboeth_o2;cochronA_o23;cocura_o2;coeuphr;coeust;colacnu_o23;colawaf_o2,0.5867,0.2841,0.1476,0.0221,0.1476,5,1,10,4
weorold,262,6,cobenrul_o3;coblick_o23;coboeth_o2;cocura_o2;coeuphr;coeust,0.3206,0.626,0.0649,0.0,0.313,3,3,8,3
lichama,246,7,cobenrul_o3;coblick_o23;coboeth_o2;cocura_o2;coeuphr;coeust;colacnu_o23,0.5081,0.4634,0.0528,0.0122,0.2846,0,4,0,6
eage,244,10,coapollo_o3;cobenrul_o3;coblick_o23;coboeth_o2;cochronA_o23;cocura_o2;coeuphr;coeust;colacnu_o23;colawaf_o2,0.7213,0.2377,0.0451,0.0123,0.0451,5,0,10,8
anweald,239,6,cobenrul_o3;coblick_o23;coboeth_o2;cochronA_o23;cocura_o2;coeust,0.5565,0.4017,0.046,0.0,0.1464,0,4,0,6
wisa,232,6,cobenrul_o3;coblick_o23;coboeth_o2;cocura_o2;colacnu_o23;colawaf_o2,0.9052,0.0733,0.0129,0.0086,0.0043,6,0,6,5
willa,229,7,coapollo_o3;cobenrul_o3;coblick_o23;coboeth_o2;cocura_o2;coeuphr;coeust,0.8035,0.1397,0.0393,0.0218,0.083,6,0,6,8
rice,223,7,coapollo_o3;cobenrul_o3;coblick_o23;coboeth_o2;cochronA_o23;cocura_o2;coeuphr,0.704,0.2556,0.0404,0.009,0.157,0,4,0,6
gear,205,9,coapollo_o3;cobenrul_o3;coblick_o23;coboeth_o2;cochronA_o23;cocura_o2;coeuphr;coeust;colacnu_o23,0.1366,0.5756,0.0341,0.2829,0.078,2,5,2,0
eorþe,200,9,coapollo_o3;cobenrul_o3;coblick_o23;coboeth_o2;cochronA_o23;cocura_o2;coeuphr;coeust;colacnu_o23,0.625,0.34,0.045,0.005,0.125,0,4,0,6
folc,189,8,coapollo_o3;cobenrul_o3;coblick_o23;coboeth_o2;cochronA_o23;cocura_o2;coeust;colawaf_o2,0.2487,0.619,0.1746,0.0053,0.2804,5,1,5,4
syn,188,6,cobenrul_o3;coblick_o23;coboeth_o2;cocura_o2;coeust;colawaf_o2,0.6383,0.2979,0.0798,0.0,0.2234,0,4,0,6
abbod,187,3,cobenrul_o3;cochronA_o23;coeuphr,0.262,0.7326,0.0053,0.0,0.2567,3,3,8,3
wisdom,185,6,coapollo_o3;cobenrul_o3;coblick_o23;coboeth_o2;cocura_o2;coeuphr,0.3243,0.6541,0.0216,0.0054,0.0865,7,6,7,2
tid,177,10,coapollo_o3;cobenrul_o3;coblick_o23;coboeth_o2;cochronA_o23;cocura_o2;coeuphr;coeust;colacnu_o23;colawaf_o2,0.2655,0.565,0.1243,0.0565,0.0395,5,6,11,2
lar,176,7,coapollo_o3;cobenrul_o3;coblick_o23;coboeth_o2;cochronA_o23;cocura_o2;coeuphr,0.5795,0.3807,0.0227,0.017,0.1818,0,4,0,6
fæder,170,10,coapollo_o3;cobenrul_o3;coblick_o23;coboeth_o2;cochronA_o23;cocura_o2;coeuphr;coeust;colacnu_o23;colawaf_o2,0.8059,0.1824,0.0,0.0118,0.2412,1,0,1,8
lareow,168,8,coapollo_o3;cobenrul_o3;coblick_o23;coboeth_o2;cochronA_o23;cocura_o2;coeuphr;coeust,0.3036,0.6607,0.0357,0.0,0.1548,7,3,7,3
gesceaft,164,5,cobenrul_o3;coblick_o23;coboeth_o2;cocura_o2;coeust,0.1646,0.2134,0.6463,0.0305,0.2927,4,1,4,4
sawel,163,6,cobenrul_o3;coblick_o23;coboeth_o2;cocura_o2;coeuphr;coeust,0.5706,0.3804,0.0491,0.0123,0.2393,0,4,0,6
broþor,158,7,cobenrul_o3;coblick_o23;coboeth_o2;cochronA_o23;cocura_o2;coeuphr;coeust,0.6329,0.2595,0.0949,0.019,0.0886,5,0,10,8
lufu,157,8,coapollo_o3;cobenrul_o3;coblick_o23;coboeth_o2;cochronA_o23;cocura_o2;coeuphr;coeust,0.5287,0.4204,0.0637,0.0191,0.0955,0,6,3,2
heorte,157,7,cobenrul_o3;coblick_o23;coboeth_o2;cocura_o2;coeuphr;coeust;colacnu_o23,0.7197,0.2229,0.0573,0.0,0.172,0,4,0,6
gesælþ,155,3,coapollo_o3;coboeth_o2;cocura_o2,0.2323,0.729,0.0774,0.0194,0.1419,7,6,7,2
heofon,152,7,cobenrul_o3;coblick_o23;coboeth_o2;cochronA_o23;cocura_o2;coeuphr;coeust,0.8158,0.1842,0.0132,0.0,0.2368,1,4,1,6
scild,152,5,coapollo_o3;coblick_o23;coboeth_o2;cocura_o2;colawaf_o2,0.4868,0.4013,0.1908,0.0132,0.1579,5,1,5,4
cræft,149,5,coapollo_o3;cobenrul_o3;coblick_o23;coboeth_o2;cocura_o2,0.4966,0.3154,0.1812,0.0201,0.1544,5,1,5,4
wæg,145,8,coapollo_o3;cobenrul_o3;coblick_o23;coboeth_o2;cochronA_o23;cocura_o2;coeust;colacnu_o23,0.4138,0.4345,0.1448,0.0069,0.0759,0,1,3,10
wæl,144,7,coapollo_o3;coblick_o23;coboeth_o2;cochronA_o23;cocura_o2;coeuphr;coeust,0.2708,0.5833,0.2153,0.0,0.0694,5,1,11,4
sunu,143,8,coapollo_o3;cobenrul_o3;coblick_o23;coboeth_o2;cochronA_o23;cocura_o2;coeuphr;coeust,0.8322,0.0629,0.007,0.0979,0.049,6,0,6,8
eaþmodnes,139,5,cobenrul_o3;coblick_o23;coboeth_o2;cocura_o2;coeust,0.6906,0.1439,0.1655,0.0072,0.2734,5,1,5,4
dom,137,8,coapollo_o3;cobenrul_o3;coblick_o23;coboeth_o2;cochronA_o23;cocura_o2;coeust;colawaf_o2,0.6496,0.3139,0.0438,0.0,0.292,0,4,0,6
middaneard,134,4,coblick_o23;coboeth_o2;cochronA_o23;cocura_o2,0.2164,0.7015,0.1343,0.0,0.4701,3,3,8,3
engel,134,6,cobenrul_o3;coblick_o23;coboeth_o2;cocura_o2;coeuphr;colacnu_o23,0.5224,0.4403,0.0224,0.0224,0.2985,0,4,0,6
gæst,133,7,coapollo_o3;cobenrul_o3;coblick_o23;coboeth_o2;cocura_o2;coeuphr;coeust,0.3534,0.6241,0.015,0.015,0.3083,3,6,8,2
dæl,131,10,coapollo_o3;cobenrul_o3;coblick_o23;coboeth_o2;cochronA_o23;cocura_o2;coeuphr;coeust;colacnu_o23;colawaf_o2,0.3206,0.4046,0.3664,0.0458,0.0458,4,6,4,2
unþeaw,130,3,cobenrul_o3;coboeth_o2;cocura_o2,0.6154,0.2769,0.1308,0.0077,0.1538,5,1,10,4
þearf,127,9,coapollo_o3;cobenrul_o3;coblick_o23;coboeth_o2;cochronA_o23;cocura_o2;coeust;colacnu_o23;colawaf_o2,0.6457,0.0945,0.2598,0.0,0.0945,5,1,10,10
niht,127,10,coapollo_o3;cobenrul_o3;coblick_o23;coboeth_o2;cochronA_o23;cocura_o2;coeuphr;coeust;colacnu_o23;colawaf_o2,0.4803,0.126,0.0709,0.3386,0.2441,2,5,2,0
mynster,126,5,cobenrul_o3;coblick_o23;cochronA_o23;coeuphr;colawaf_o2,0.7778,0.1984,0.0238,0.0,0.3333,1,2,1,9
nama,125,10,coapollo_o3;cobenrul_o3;coblick_o23;coboeth_o2;cochronA_o23;cocura_o2;coeuphr;coeust;colacnu_o23;colawaf_o2,0.824,0.144,0.008,0.032,0.032,6,0,6,8
land,125,8,coapollo_o3;coblick_o23;coboeth_o2;cochronA_o23;cocura_o2;coeuphr;coeust;colawaf_o2,0.544,0.376,0.104,0.0,0.12,0,4,3,6
wif,125,9,coapollo_o3;coblick_o23;coboeth_o2;cochronA_o23;cocura_o2;coeuphr;coeust;colacnu_o23;colawaf_o2,0.72,0.224,0.048,0.008,0.16,0,4,0,6
hælend,124,5,cobenrul_o3;coblick_o23;cocura_o2;coeuphr;coeust,0.7823,0.2177,0.0,0.0,0.1371,6,2,6,1
witega,123,4,cobenrul_o3;coblick_o23;cochronA_o23;cocura_o2,0.1626,0.813,0.0244,0.0081,0.065,7,6,7,2
hand,122,10,coapollo_o3;cobenrul_o3;coblick_o23;coboeth_o2;cochronA_o23;cocura_o2;coeuphr;coeust;colacnu_o23;colawaf_o2,0.7705,0.1803,0.0328,0.0164,0.0246,5,0,10,8
deaþ,121,9,coapollo_o3;cobenrul_o3;coblick_o23;coboeth_o2;cochronA_o23;cocura_o2;coeust;colacnu_o23;colawaf_o2,0.7355,0.2645,0.0,0.0,0.2066,0,4,0,11
bisceop,120,6,cobenrul_o3;coblick_o23;cochronA_o23;cocura_o2;coeust;colawaf_o2,0.65,0.3083,0.0083,0.0333,0.125,0,0,0,8
hwil,119,9,coapollo_o3;cobenrul_o3;coblick_o23;coboeth_o2;cochronA_o23;cocura_o2;coeuphr;coeust;colacnu_o23,0.1933,0.6218,0.1597,0.0504,0.0084,5,6,11,2
here,112,4,coblick_o23;cochronA_o23;cocura_o2;coeust,0.0804,0.8571,0.1429,0.0,0.0446,7,1,7,4
gecynd,112,4,cobenrul_o3;coblick_o23;coboeth_o2;cocura_o2,0.6518,0.3214,0.0,0.0268,0.1429,0,0,0,8
mægen,111,7,coapollo_o3;cobenrul_o3;coblick_o23;coboeth_o2;cocura_o2;coeust;colawaf_o2,0.5676,0.2162,0.2342,0.0,0.1982,5,1,5,4
cyrice,108,7,cobenrul_o3;coblick_o23;cochronA_o23;cocura_o2;coeuphr;colacnu_o23;colawaf_o2,0.4722,0.4815,0.0463,0.0278,0.2222,0,4,0,6
stow,106,9,coapollo_o3;cobenrul_o3;coblick_o23;coboeth_o2;cochronA_o23;cocura_o2;coeuphr;coeust;colacnu_o23,0.1698,0.6792,0.1038,0.0472,0.0849,7,6,7,2
scilling,106,1,colawaf_o2,0.783,0.0,0.0,0.217,0.783,2,5,9,0
ende,105,8,coapollo_o3;cobenrul_o3;coblick_o23;coboeth_o2;cochronA_o23;cocura_o2;coeuphr;coeust,0.8095,0.1619,0.0095,0.0476,0.0095,6,0,6,8
wer,104,9,coapollo_o3;cobenrul_o3;coblick_o23;coboeth_o2;cochronA_o23;cocura_o2;coeuphr;coeust;colawaf_o2,0.4519,0.4712,0.0288,0.0481,0.1346,0,6,3,2
deofol,100,6,cobenrul_o3;coblick_o23;coboeth_o2;cocura_o2;coeust;colawaf_o2,0.78,0.21,0.01,0.0,0.38,1,2,1,9
hlaford,98,9,coapollo_o3;cobenrul_o3;coblick_o23;coboeth_o2;cochronA_o23;cocura_o2;coeuphr;coeust;colawaf_o2,0.7551,0.2347,0.0,0.0102,0.1531,6,0,6,8
wæter,97,8,cobenrul_o3;coblick_o23;coboeth_o2;cochronA_o23;cocura_o2;coeuphr;coeust;colacnu_o23,0.6186,0.3505,0.0309,0.0,0.0928,0,4,0,6
riht,97,7,coapollo_o3;cobenrul_o3;coblick_o23;coboeth_o2;cochronA_o23;cocura_o2;colawaf_o2,0.9278,0.0722,0.0,0.0,0.0309,6,2,6,1
sib,97,6,cobenrul_o3;coblick_o23;coboeth_o2;cochronA_o23;cocura_o2;coeust,0.567,0.4124,0.0103,0.0103,0.1546,0,4,0,6
winter,97,7,cobenrul_o3;coblick_o23;coboeth_o2;cochronA_o23;cocura_o2;coeuphr;colacnu_o23,0.8557,0.0619,0.0103,0.0825,0.6804,1,5,1,0
gifu,97,7,coapollo_o3;cobenrul_o3;coblick_o23;coboeth_o2;cochronA_o23;cocura_o2;coeust,0.4639,0.4227,0.1443,0.0,0.2268,5,4,5,6
apostol,96,4,cobenrul_o3;coblick_o23;cochronA_o23;cocura_o2,0.1771,0.8021,0.125,0.0312,0.1979,7,6,7,2
ealdormann,96,7,coapollo_o3;coblick_o23;coboeth_o2;cochronA_o23;cocura_o2;coeust;colawaf_o2,0.6771,0.2396,0.0208,0.0625,0.0521,6,0,6,8
scip,94,6,coapollo_o3;coblick_o23;coboeth_o2;cochronA_o23;cocura_o2;coeust,0.4255,0.4255,0.0213,0.1702,0.1915,0,6,3,2
bysen,94,4,cobenrul_o3;coblick_o23;coboeth_o2;cocura_o2,0.5638,0.3404,0.0957,0.0,0.0106,5,1,10,10
sæ,92,7,coapollo_o3;coblick_o23;coboeth_o2;cochronA_o23;cocura_o2;coeuphr;coeust,0.5652,0.4348,0.0,0.0,0.1196,0,4,0,11
bearn,91,8,cobenrul_o3;coblick_o23;coboeth_o2;cochronA_o23;cocura_o2;coeuphr;coeust;colawaf_o2,0.7582,0.1868,0.0769,0.0,0.1648,0,4,0,6
stefn,91,9,coapollo_o3;cobenrul_o3;coblick_o23;coboeth_o2;cochronA_o23;cocura_o2;coeuphr;coeust;colacnu_o23,0.5604,0.2637,0.1209,0.0549,0.0,5,0,10,8
dohtor,90,7,coapollo_o3;coblick_o23;coboeth_o2;cochronA_o23;cocura_o2;coeuphr;colawaf_o2,0.9444,0.0333,0.0,0.0222,0.1,6,2,6,1
spræc,88,7,coapollo_o3;cobenrul_o3;coblick_o23;coboeth_o2;cocura_o2;coeuphr;coeust,0.4773,0.4659,0.0795,0.0,0.1705,0,4,0,6
wite,88,5,cobenrul_o3;coblick_o23;coboeth_o2;cocura_o2;colawaf_o2,0.6932,0.2273,0.0795,0.0114,0.0,5,0,10,8
dæd,88,6,cobenrul_o3;coblick_o23;coboeth_o2;cochronA_o23;cocura_o2;colawaf_o2,0.7159,0.1705,0.1136,0.0,0.0795,5,0,10,5
heafod,84,10,coapollo_o3;cobenrul_o3;coblick_o23;coboeth_o2;cochronA_o23;cocura_o2;coeuphr;coeust;colacnu_o23;colawaf_o2,0.5952,0.369,0.0119,0.0476,0.0238,0,6,3,2
leoht,84,7,coapollo_o3;cobenrul_o3;coblick_o23;coboeth_o2;cocura_o2;coeuphr;coeust,0.4048,0.5595,0.0476,0.0,0.25,3,3,8,3
þegen,80,8,coapollo_o3;cobenrul_o3;coblick_o23;coboeth_o2;cochronA_o23;cocura_o2;coeuphr;coeust,0.7,0.1875,0.0375,0.0875,0.175,6,0,6,8
fultum,80,10,coapollo_o3;cobenrul_o3;coblick_o23;coboeth_o2;cochronA_o23;cocura_o2;coeuphr;coeust;colacnu_o23;colawaf_o2,0.7875,0.075,0.1375,0.0,0.2125,5,0,5,5
þeaw,79,8,coapollo_o3;cobenrul_o3;coblick_o23;coboeth_o2;cochronA_o23;cocura_o2;coeuphr;coeust,0.8354,0.0759,0.0759,0.0127,0.1013,6,0,6,8
weorþscipe,79,5,coapollo_o3;cobenrul_o3;coboeth_o2;cocura_o2;coeust,0.5443,0.3291,0.1519,0.0,0.1899,5,4,5,6
sealm,78,3,cobenrul_o3;cocura_o2;colacnu_o23,0.1923,0.6026,0.0256,0.2692,0.1538,2,5,2,0
gebed,75,6,cobenrul_o3;coblick_o23;coboeth_o2;cocura_o2;coeuphr;colacnu_o23,0.68,0.32,0.0,0.0,0.1333,0,4,0,11
bot,73,7,coapollo_o3;cobenrul_o3;coblick_o23;coboeth_o2;cocura_o2;colacnu_o23;colawaf_o2,0.7808,0.2192,0.0,0.0137,0.0274,6,0,6,8
rihtwisness,69,6,cobenrul_o3;coblick_o23;coboeth_o2;cocura_o2;coeuphr;coeust,0.7681,0.1884,0.0725,0.0,0.2609,1,4,1,6
mildheortness,68,7,coapollo_o3;cobenrul_o3;coblick_o23;coboeth_o2;cocura_o2;coeuphr;coeust,0.7794,0.1324,0.1029,0.0,0.1471,6,0,6,5
gewrit,68,8,coapollo_o3;cobenrul_o3;coblick_o23;coboeth_o2;cochronA_o23;cocura_o2;colacnu_o23;colawaf_o2,0.4706,0.5147,0.0441,0.0,0.1618,0,4,3,6
hyrmann,68,1,cocura_o2,0.8529,0.1324,0.0147,0.0,0.4559,1,2,1,9
hus,67,8,coapollo_o3;cobenrul_o3;coblick_o23;coboeth_o2;cocura_o2;coeuphr;coeust;colacnu_o23,0.6716,0.2836,0.0597,0.0149,0.0896,0,0,0,8
gebroþor,65,4,cobenrul_o3;coblick_o23;coeuphr;coeust,0.4462,0.4923,0.1077,0.0154,0.1692,0,1,3,4
feond,65,8,coapollo_o3;cobenrul_o3;coblick_o23;coboeth_o2;cocura_o2;coeuphr;coeust;colacnu_o23,0.5846,0.3846,0.0462,0.0,0.2923,0,4,0,6
bebod,65,7,cobenrul_o3;coblick_o23;coboeth_o2;cochronA_o23;cocura_o2;coeuphr;coeust,0.7846,0.1385,0.0462,0.0462,0.2,0,0,0,8
munuc,64,5,cobenrul_o3;coblick_o23;cochronA_o23;coeuphr;colawaf_o2,0.6875,0.25,0.0625,0.0156,0.2656,0,4,0,6
geleafa,63,7,cobenrul_o3;coblick_o23;coboeth_o2;cochronA_o23;cocura_o2;coeuphr;coeust,0.746,0.2063,0.0,0.0476,0.1111,6,0,6,8
wyrt,62,4,coblick_o23;coboeth_o2;cocura_o2;colacnu_o23,0.1452,0.8226,0.1774,0.0161,0.1774,7,6,7,2
boc,62,5,cobenrul_o3;coblick_o23;coboeth_o2;cochronA_o23;cocura_o2,0.6613,0.3226,0.0161,0.0,0.129,0,4,0,6
spell,62,4,cobenrul_o3;coblick_o23;coboeth_o2;cocura_o2,0.3387,0.5968,0.0484,0.0161,0.0806,0,6,3,2
fyr,62,7,cobenrul_o3;coblick_o23;coboeth_o2;cochronA_o23;cocura_o2;coeust;colacnu_o23,0.5645,0.4355,0.0161,0.0,0.1613,0,4,0,6
æht,61,8,coapollo_o3;cobenrul_o3;coblick_o23;coboeth_o2;cocura_o2;coeuphr;coeust;colawaf_o2,0.7705,0.0492,0.2131,0.0,0.1803,5,0,5,5
þeow,61,7,coapollo_o3;cobenrul_o3;coblick_o23;coboeth_o2;cocura_o2;coeuphr;coeust,0.6393,0.3443,0.0164,0.0,0.1148,0,4,0,6
ceaster,61,6,coapollo_o3;coblick_o23;coboeth_o2;cochronA_o23;cocura_o2;coeuphr,0.1967,0.7377,0.082,0.0492,0.0984,7,6,7,2
wuldor,60,7,cobenrul_o3;coblick_o23;coboeth_o2;cochronA_o23;cocura_o2;coeuphr;coeust,0.8333,0.1,0.0667,0.0,0.2167,1,0,1,5
cwide,60,7,coapollo_o3;cobenrul_o3;coblick_o23;coboeth_o2;cochronA_o23;cocura_o2;coeuphr,0.2333,0.7667,0.0,0.0,0.0333,7,7,7,7
wiht,60,3,coblick_o23;coboeth_o2;cocura_o2,0.5333,0.0833,0.3833,0.0,0.0833,4,1,4,10
andgyt,59,5,coapollo_o3;cobenrul_o3;coblick_o23;coboeth_o2;cocura_o2,0.6271,0.339,0.0339,0.0,0.2542,0,4,0,6
þegnung,59,6,coapollo_o3;cobenrul_o3;coblick_o23;coboeth_o2;cocura_o2;coeust,0.4237,0.5085,0.1017,0.0169,0.1356,0,1,3,4
geþoht,58,6,cobenrul_o3;coblick_o23;coboeth_o2;cocura_o2;coeuphr;coeust,0.6379,0.3276,0.0862,0.0,0.1724,0,4,0,6
scippend,58,5,cobenrul_o3;coblick_o23;coboeth_o2;cocura_o2;coeust,0.7759,0.2069,0.0,0.0172,0.3103,1,0,1,8
fæt,57,6,coapollo_o3;cobenrul_o3;coblick_o23;coboeth_o2;cocura_o2;colacnu_o23,0.5965,0.3509,0.0702,0.0,0.0175,5,1,10,10
geswinc,57,5,cobenrul_o3;coboeth_o2;cocura_o2;coeuphr;coeust,0.5439,0.2807,0.1754,0.0,0.0877,5,1,11,10
gefea,56,6,coapollo_o3;cobenrul_o3;coblick_o23;coboeth_o2;cocura_o2;coeuphr,0.5536,0.2679,0.1964,0.0,0.0714,5,1,11,10
freond,56,8,coapollo_o3;cobenrul_o3;coblick_o23;coboeth_o2;cocura_o2;coeuphr;coeust;colawaf_o2,0.8036,0.1786,0.0179,0.0,0.1964,1,4,1,6
gesceadwisnes,56,3,cobenrul_o3;coboeth_o2;cocura_o2,0.4107,0.5357,0.0536,0.0,0.0536,0,4,3,6
sunne,56,7,cobenrul_o3;coblick_o23;coboeth_o2;cochronA_o23;cocura_o2;coeust;colacnu_o23,0.2679,0.7321,0.0,0.0,0.25,3,3,8,3
burh,55,6,coapollo_o3;coblick_o23;coboeth_o2;cochronA_o23;cocura_o2;coeust,0.1273,0.8,0.1273,0.0545,0.2182,7,6,7,2
cynn,54,9,coapollo_o3;cobenrul_o3;coblick_o23;coboeth_o2;cochronA_o23;cocura_o2;coeuphr;coeust;colacnu_o23,0.2593,0.2593,0.4444,0.0741,0.4259,4,1,4,4
sæd,54,4,coblick_o23;coboeth_o2;cocura_o2;colacnu_o23,0.8148,0.1481,0.037,0.0,0.037,6,0,6,5
wind,54,6,coapollo_o3;cobenrul_o3;coblick_o23;coboeth_o2;cocura_o2;colacnu_o23,0.5,0.463,0.037,0.0,0.1852,0,4,0,6
ingeþanc,53,2,coboeth_o2;cocura_o2,0.7736,0.2264,0.0189,0.0,0.1509,6,4,6,6
casere,52,4,coblick_o23;coboeth_o2;cochronA_o23;coeust,0.1154,0.8846,0.0,0.0,0.0769,7,3,7,3
æ,52,4,cobenrul_o3;coblick_o23;coboeth_o2;cocura_o2,0.3462,0.6154,0.0385,0.0,0.1154,0,3,3,3
gylp,52,4,cobenrul_o3;coblick_o23;coboeth_o2;cocura_o2,0.5385,0.4038,0.0385,0.0385,0.1923,0,4,0,6
flæsc,51,8,coapollo_o3;cobenrul_o3;coblick_o23;coboeth_o2;cocura_o2;coeuphr;coeust;colacnu_o23,0.4902,0.5098,0.0,0.0,0.3922,0,4,0,11
lust,51,4,cobenrul_o3;coblick_o23;coboeth_o2;cocura_o2,0.6863,0.2353,0.0588,0.0196,0.0588,5,0,10,8
soþfæstness,51,5,cobenrul_o3;coblick_o23;coboeth_o2;cocura_o2;coeust,0.3137,0.6863,0.0,0.0,0.3529,3,3,8,3
wundor,51,6,cobenrul_o3;coblick_o23;coboeth_o2;cocura_o2;coeuphr;coeust,0.7059,0.2157,0.098,0.0,0.1176,5,4,10,6
tima,50,5,coapollo_o3;cobenrul_o3;coboeth_o2;cochronA_o23;cocura_o2,0.38,0.34,0.28,0.0,0.02,5,1,11,10
dema,50,5,cobenrul_o3;coblick_o23;coboeth_o2;cocura_o2;coeust,0.16,0.82,0.02,0.02,0.36,3,6,8,2
hrægl,50,5,cobenrul_o3;coblick_o23;coboeth_o2;cocura_o2;colawaf_o2,0.72,0.28,0.0,0.02,0.12,0,0,0,8
mete,50,8,cobenrul_o3;coblick_o23;coboeth_o2;cochronA_o23;cocura_o2;coeust;colacnu_o23;colawaf_o2,0.7,0.28,0.02,0.0,0.12,0,4,0,6
borg,50,4,coblick_o23;cochronA_o23;cocura_o2;colawaf_o2,0.16,0.8,0.02,0.04,0.06,7,6,7,2
win,49,6,cobenrul_o3;coblick_o23;coboeth_o2;cocura_o2;coeust;colacnu_o23,0.8367,0.1633,0.0,0.0,0.2449,1,2,1,1
wund,49,5,coblick_o23;cocura_o2;coeust;colacnu_o23;colawaf_o2,0.3673,0.5714,0.0816,0.0,0.0612,0,4,3,6
arcebisceop,49,2,cochronA_o23;colawaf_o2,0.8367,0.1633,0.0,0.0,0.0612,6,2,6,1
sacerd,49,5,coapollo_o3;cobenrul_o3;coblick_o23;cocura_o2;coeust,0.1429,0.8571,0.0,0.0,0.4082,3,3,8,3
hæl,49,8,coapollo_o3;cobenrul_o3;coblick_o23;coboeth_o2;cochronA_o23;cocura_o2;coeuphr;coeust,0.7143,0.2857,0.0,0.0,0.1429,0,4,0,11
muþ,49,7,cobenrul_o3;coblick_o23;coboeth_o2;cocura_o2;coeust;colacnu_o23;colawaf_o2,0.8163,0.1633,0.0204,0.0,0.0612,6,0,6,5
fruma,49,6,cobenrul_o3;coblick_o23;coboeth_o2;cochronA_o23;cocura_o2;colawaf_o2,0.8571,0.1429,0.0,0.0,0.0612,6,2,6,1
gold,49,7,coapollo_o3;cobenrul_o3;coblick_o23;coboeth_o2;cochronA_o23;cocura_o2;coeust,0.7755,0.1837,0.0408,0.0,0.2653,1,4,1,6
sar,48,6,coapollo_o3;coblick_o23;coboeth_o2;cocura_o2;coeuphr;colacnu_o23,0.6042,0.3333,0.125,0.0,0.0625,5,4,10,6
endebyrdnes,48,4,cobenrul_o3;coblick_o23;coboeth_o2;cocura_o2,0.5625,0.375,0.0833,0.0208,0.0625,0,6,3,2
wæstm,48,6,cobenrul_o3;coblick_o23;coboeth_o2;cocura_o2;coeuphr;coeust,0.6875,0.1875,0.1458,0.0,0.0625,5,0,10,5
bliss,48,7,coapollo_o3;cobenrul_o3;coblick_o23;coboeth_o2;cocura_o2;coeuphr;coeust,0.6667,0.2292,0.1042,0.0,0.0417,5,0,10,5
lof,47,5,cobenrul_o3;coblick_o23;coboeth_o2;cochronA_o23;cocura_o2,0.8085,0.1915,0.0426,0.0,0.2128,1,4,1,6
modor,47,8,coapollo_o3;cobenrul_o3;coblick_o23;coboeth_o2;cocura_o2;coeuphr;coeust;colawaf_o2,0.8085,0.1489,0.0,0.0426,0.2553,1,0,1,8
costung,47,6,cobenrul_o3;coblick_o23;cocura_o2;coeuphr;coeust;colacnu_o23,0.4043,0.4255,0.1702,0.0,0.1489,5,4,5,6
gemet,47,5,cobenrul_o3;coblick_o23;coboeth_o2;cocura_o2;coeust,0.617,0.2553,0.0851,0.0426,0.0,5,0,10,8
godspell,47,4,cobenrul_o3;coblick_o23;cocura_o2;coeuphr,0.3404,0.6596,0.0,0.0213,0.0851,7,6,7,2
bæc,47,5,coapollo_o3;cobenrul_o3;coblick_o23;coboeth_o2;cocura_o2,0.4468,0.4894,0.0213,0.0426,0.0638,0,6,3,2
hel,46,6,coapollo_o3;cobenrul_o3;coblick_o23;coboeth_o2;cocura_o2;coeuphr,0.913,0.087,0.0,0.0,0.3696,1,2,1,9
feoh,46,7,coapollo_o3;coblick_o23;coboeth_o2;cochronA_o23;cocura_o2;coeuphr;colawaf_o2,0.6522,0.2826,0.0652,0.0,0.2609,0,4,0,6
fæsten,46,5,cobenrul_o3;coblick_o23;cochronA_o23;cocura_o2;coeuphr,0.6739,0.2609,0.0435,0.0217,0.1087,0,0,0,8
irre,45,5,coapollo_o3;cobenrul_o3;coblick_o23;coboeth_o2;cocura_o2,0.6667,0.3111,0.0444,0.0222,0.0889,0,0,0,8
anda,45,4,cobenrul_o3;coboeth_o2;cocura_o2;coeust,0.6444,0.3111,0.0444,0.0,0.1111,0,4,0,6
hreowsung,45,4,cobenrul_o3;coboeth_o2;cocura_o2;coeuphr,0.6,0.4,0.0,0.0,0.1333,0,4,0,11
nihsta,45,3,cobenrul_o3;coblick_o23;cocura_o2,0.8889,0.1111,0.0,0.0,0.3556,1,2,1,9
siþ,45,8,cobenrul_o3;coblick_o23;coboeth_o2;cochronA_o23;cocura_o2;coeust;colacnu_o23;colawaf_o2,0.4222,0.0667,0.1556,0.3556,0.0,2,5,2,0
geþyld,43,6,cobenrul_o3;coblick_o23;coboeth_o2;cocura_o2;coeuphr;coeust,0.814,0.1628,0.0465,0.0,0.0465,6,0,6,5
drenc,43,5,cobenrul_o3;coblick_o23;coboeth_o2;cocura_o2;colacnu_o23,0.5116,0.4186,0.0465,0.0233,0.0465,0,6,3,2
gymen,43,3,cobenrul_o3;cocura_o2;coeuphr,0.4186,0.4651,0.1163,0.0,0.1163,0,4,3,6
reccere,42,2,coboeth_o2;cocura_o2,0.0476,0.9524,0.0,0.0,0.2857,3,3,8,3
edlean,42,5,cobenrul_o3;coblick_o23;coboeth_o2;cocura_o2;coeuphr,0.5952,0.3333,0.0714,0.0,0.1667,0,4,0,6
ecnes,42,5,cobenrul_o3;coblick_o23;coboeth_o2;cocura_o2;coeust,0.9762,0.0238,0.0,0.0,0.0,6,2,6,1
geferæden,42,4,cobenrul_o3;coblick_o23;coboeth_o2;cocura_o2,0.3571,0.381,0.2857,0.0,0.0714,5,1,11,10
ofermettu,42,2,coboeth_o2;cocura_o2,0.8095,0.1667,0.0238,0.0,0.0952,6,0,6,5
cild,42,7,cobenrul_o3;coblick_o23;coboeth_o2;cochronA_o23;cocura_o2;coeuphr;coeust,0.5,0.4286,0.0238,0.0952,0.1905,0,6,3,2
hlisa,41,4,coboeth_o2;cocura_o2;coeuphr;coeust,0.4878,0.4878,0.0488,0.0,0.1707,0,4,0,6
forhæfednes,41,3,cobenrul_o3;coblick_o23;cocura_o2,0.6098,0.3171,0.0488,0.0244,0.0732,0,0,0,8
anlicnes,41,5,coapollo_o3;coblick_o23;coboeth_o2;cocura_o2;coeust,0.7317,0.1951,0.0488,0.0244,0.0,5,0,10,8
ar,41,6,coapollo_o3;coblick_o23;coboeth_o2;cochronA_o23;cocura_o2;colawaf_o2,0.5122,0.4146,0.0976,0.0,0.122,0,4,3,6
gitsung,40,5,coapollo_o3;cobenrul_o3;coblick_o23;coboeth_o2;cocura_o2,0.525,0.45,0.025,0.0,0.1,0,4,0,6
geearnung,40,4,cobenrul_o3;coblick_o23;coboeth_o2;cocura_o2,0.8,0.125,0.05,0.025,0.15,0,0,0,8
leaf,40,7,coapollo_o3;cobenrul_o3;coboeth_o2;cochronA_o23;cocura_o2;colacnu_o23;colawaf_o2,0.875,0.05,0.025,0.05,0.025,6,0,6,8
stan,40,6,cobenrul_o3;coblick_o23;coboeth_o2;cochronA_o23;cocura_o2;colacnu_o23,0.3,0.575,0.05,0.075,0.025,0,6,3,2
fæmne,40,4,coapollo_o3;coblick_o23;coeuphr;colawaf_o2,0.35,0.625,0.025,0.05,0.3,3,6,8,2
wit,40,5,cobenrul_o3;coblick_o23;coboeth_o2;cocura_o2;colawaf_o2,0.55,0.325,0.15,0.0,0.3,5,1,5,4
monaþ,40,7,coapollo_o3;cobenrul_o3;coblick_o23;coboeth_o2;cochronA_o23;cocura_o2;colacnu_o23,0.1,0.375,0.025,0.5,0.075,2,5,2,0
fyrd,40,4,coblick_o23;cochronA_o23;coeust;colawaf_o2,0.6,0.325,0.125,0.0,0.0,5,1,10,10
gefera,39,7,coapollo_o3;cobenrul_o3;coblick_o23;coboeth_o2;cochronA_o23;cocura_o2;coeust,0.8205,0.0,0.1795,0.0,0.1026,5,0,5,5
sumer,39,6,cobenrul_o3;coblick_o23;coboeth_o2;cochronA_o23;cocura_o2;colacnu_o23,0.6923,0.2821,0.0256,0.0,0.1282,0,4,0,6
læca,39,4,cobenrul_o3;coboeth_o2;cocura_o2;colacnu_o23,0.4615,0.5128,0.0256,0.0,0.1026,0,4,3,6
þeod,39,7,coapollo_o3;cobenrul_o3;coblick_o23;coboeth_o2;cochronA_o23;cocura_o2;coeust,0.4103,0.2821,0.2821,0.0769,0.2564,5,1,5,4
geþeaht,39,4,cobenrul_o3;coblick_o23;coboeth_o2;cocura_o2,0.8205,0.1026,0.0769,0.0,0.1282,6,0,6,5
gewuna,39,7,coapollo_o3;cobenrul_o3;coblick_o23;coboeth_o2;cochronA_o23;cocura_o2;coeuphr,0.7692,0.2308,0.0,0.0,0.0513,6,2,6,1
ealdor,39,5,coapollo_o3;cobenrul_o3;coblick_o23;coboeth_o2;colawaf_o2,0.5897,0.4103,0.0,0.0,0.1538,0,4,0,11
þeostru,38,5,cobenrul_o3;coblick_o23;coboeth_o2;cocura_o2;coeust,0.5,0.4474,0.0526,0.0,0.1316,0,4,0,6
tunge,38,6,cobenrul_o3;coblick_o23;coboeth_o2;cochronA_o23;cocura_o2;colawaf_o2,0.7105,0.2895,0.0,0.0,0.1842,0,4,0,11
had,38,5,cobenrul_o3;coblick_o23;cocura_o2;coeuphr;colawaf_o2,0.4211,0.4211,0.1579,0.0263,0.3158,5,1,5,4
sige,38,5,coblick_o23;coboeth_o2;cochronA_o23;cocura_o2;coeust,0.7368,0.2105,0.0526,0.0,0.2105,0,4,0,6
treow,38,7,coblick_o23;coboeth_o2;cochronA_o23;cocura_o2;coeust;colacnu_o23;colawaf_o2,0.4474,0.5,0.0526,0.0,0.1316,0,4,3,6
regul,38,2,cobenrul_o3;coeuphr,0.2632,0.7368,0.0526,0.0,0.4737,3,3,8,3
nidþearf,37,3,coblick_o23;coboeth_o2;cocura_o2,0.6216,0.1081,0.2703,0.027,0.0541,5,0,10,8
niten,37,6,cobenrul_o3;coblick_o23;coboeth_o2;cocura_o2;coeust;colacnu_o23,0.5676,0.3514,0.0811,0.0,0.1351,0,4,3,6
munt,37,4,coblick_o23;coboeth_o2;cochronA_o23;cocura_o2,0.1351,0.8108,0.027,0.027,0.1892,7,6,7,2
unrotness,36,5,cobenrul_o3;coblick_o23;coboeth_o2;cocura_o2;coeuphr,0.5,0.4722,0.0556,0.0,0.1111,0,4,0,6
wudu,36,7,coblick_o23;coboeth_o2;cochronA_o23;cocura_o2;coeust;colacnu_o23;colawaf_o2,0.5556,0.3889,0.0833,0.0,0.0833,0,4,3,6
earfoþ,35,4,cobenrul_o3;coblick_o23;coboeth_o2;cocura_o2,0.6286,0.2,0.1714,0.0,0.0857,5,0,10,5
fulluht,35,4,coblick_o23;cochronA_o23;cocura_o2;coeust,0.7429,0.2571,0.0,0.0,0.1143,0,2,0,1
gefeoht,35,5,coblick_o23;coboeth_o2;cochronA_o23;cocura_o2;coeust,0.4286,0.4857,0.0857,0.0,0.0286,0,4,3,6
cuma,35,5,coapollo_o3;cobenrul_o3;coblick_o23;coboeth_o2;cocura_o2,0.6,0.2,0.2,0.0,0.3714,5,1,5,4
ælmesse,35,6,cobenrul_o3;coblick_o23;coboeth_o2;cochronA_o23;cocura_o2;coeust,0.7143,0.2857,0.0,0.0,0.0286,0,2,0,1
byrþen,34,2,coblick_o23;cocura_o2,0.1471,0.7941,0.0882,0.0,0.0882,7,1,7,4
fot,34,9,coapollo_o3;cobenrul_o3;coblick_o23;coboeth_o2;cocura_o2;coeuphr;coeust;colacnu_o23;colawaf_o2,0.7941,0.2059,0.0,0.0,0.0588,6,2,6,1
tacn,34,4,coblick_o23;coboeth_o2;cocura_o2;coeust,0.6176,0.2647,0.1765,0.0,0.0,5,0,11,5
tweo,34,4,cobenrul_o3;coblick_o23;coboeth_o2;cocura_o2,0.7647,0.0294,0.1765,0.0294,0.0,5,0,10,8
cniht,33,7,coapollo_o3;coblick_o23;coboeth_o2;cochronA_o23;cocura_o2;coeuphr;coeust,0.4545,0.4545,0.0303,0.2424,0.0303,2,5,2,0
stæpe,33,2,cobenrul_o3;cocura_o2,0.2121,0.7576,0.0303,0.0606,0.0,7,6,7,2
ræding,33,3,cobenrul_o3;cocura_o2;coeuphr,0.5152,0.2727,0.0,0.2727,0.0606,2,5,2,0
meaht,33,6,coapollo_o3;cobenrul_o3;coblick_o23;coboeth_o2;coeuphr;coeust,0.7273,0.2424,0.0909,0.0,0.0303,5,0,10,5
lim,32,6,coapollo_o3;cobenrul_o3;coboeth_o2;cocura_o2;coeuphr;colacnu_o23,0.4688,0.2188,0.375,0.0,0.0938,4,1,4,10
swige,32,3,coapollo_o3;cobenrul_o3;cocura_o2,0.6875,0.3125,0.0312,0.0,0.125,0,4,0,6
hunig,32,4,coblick_o23;coboeth_o2;cocura_o2;colacnu_o23,0.875,0.125,0.0,0.0,0.1875,1,2,1,1
lareowdom,32,2,cobenrul_o3;cocura_o2,0.25,0.75,0.0,0.0,0.7188,3,3,8,3
þrowing,32,4,cobenrul_o3;coblick_o23;cocura_o2;coeust,0.7812,0.1875,0.0312,0.0,0.0625,6,0,6,5
geweald,32,6,cobenrul_o3;coblick_o23;coboeth_o2;cochronA_o23;cocura_o2;colawaf_o2,0.9375,0.0625,0.0,0.0,0.3438,1,2,1,9
bletsung,32,6,cobenrul_o3;coblick_o23;cochronA_o23;cocura_o2;coeuphr;coeust,0.8125,0.0938,0.0938,0.0,0.0625,6,0,6,5
duru,32,5,coblick_o23;coboeth_o2;cochronA_o23;cocura_o2;colawaf_o2,0.5312,0.375,0.0312,0.0625,0.0312,0,6,3,2
claþ,31,4,coblick_o23;coboeth_o2;cocura_o2;colacnu_o23,0.8387,0.129,0.0,0.0323,0.0323,6,0,6,8
med,31,7,coapollo_o3;cobenrul_o3;coblick_o23;coboeth_o2;cocura_o2;coeust;colacnu_o23,0.6774,0.1613,0.1613,0.0,0.0,5,0,10,5
þanc,31,5,cobenrul_o3;coblick_o23;coboeth_o2;cochronA_o23;cocura_o2,1.0,0.0,0.0,0.0,0.6129,1,2,1,9
orsorgness,31,2,coboeth_o2;cocura_o2,0.4194,0.4194,0.1613,0.0,0.0323,5,1,11,10
healf,31,6,coblick_o23;coboeth_o2;cochronA_o23;cocura_o2;coeust;colacnu_o23,0.3226,0.2258,0.1935,0.2581,0.0,2,5,2,0
steor,31,5,cobenrul_o3;coblick_o23;coboeth_o2;cochronA_o23;cocura_o2,0.4194,0.4839,0.0645,0.0323,0.0323,0,6,3,2
freodom,31,4,coapollo_o3;coblick_o23;coboeth_o2;cocura_o2,0.6129,0.3871,0.0,0.0,0.0323,0,4,3,11
leoþ,31,2,coboeth_o2;colacnu_o23,0.1613,0.8387,0.0,0.0,0.0645,7,3,7,3
hyrsumnes,31,3,cobenrul_o3;cochronA_o23;cocura_o2,0.6774,0.3226,0.0,0.0,0.2258,0,4,0,11
lic,30,6,coblick_o23;coboeth_o2;cochronA_o23;cocura_o2;coeuphr;colacnu_o23,0.7333,0.2333,0.0667,0.0,0.0,5,0,10,5
wice,30,6,cobenrul_o3;coblick_o23;cochronA_o23;cocura_o2;coeuphr;colawaf_o2,0.1,0.5333,0.1333,0.2667,0.4,2,5,2,0
geongra,30,5,coapollo_o3;cobenrul_o3;coblick_o23;coboeth_o2;cocura_o2,0.6667,0.3,0.0,0.0333,0.0,0,0,3,8
blod,30,7,coapollo_o3;coblick_o23;coboeth_o2;cochronA_o23;cocura_o2;coeuphr;colacnu_o23,0.7667,0.2333,0.0,0.0,0.3333,1,2,1,9
wolcen,30,3,coblick_o23;coboeth_o2;cocura_o2,0.4,0.5,0.1,0.0,0.1,0,4,3,6
wlite,30,6,coapollo_o3;coblick_o23;coboeth_o2;cocura_o2;coeuphr;coeust,0.5333,0.4333,0.0333,0.0,0.1333,0,4,0,6
hyrde,30,5,cobenrul_o3;coblick_o23;cochronA_o23;cocura_o2;coeust,0.4333,0.5667,0.0,0.0,0.1,0,7,3,7
rod,30,4,coblick_o23;cochronA_o23;cocura_o2;coeust,0.7667,0.2333,0.0,0.0,0.3333,1,2,1,9
geweorc,29,3,coblick_o23;coboeth_o2;cochronA_o23,0.4138,0.4483,0.0345,0.1034,0.0,0,6,3,2
hiw,29,7,cobenrul_o3;coblick_o23;coboeth_o2;cocura_o2;coeust;colacnu_o23;colawaf_o2,0.6897,0.2759,0.0,0.0345,0.1724,0,0,0,8
lac,29,4,coapollo_o3;cobenrul_o3;coblick_o23;cocura_o2,0.7586,0.2069,0.0345,0.0,0.0,5,0,10,5
innoþ,29,5,coblick_o23;coboeth_o2;cocura_o2;coeust;colacnu_o23,0.4828,0.5172,0.0,0.0,0.2069,0,4,0,11
godspellere,29,3,coblick_o23;cochronA_o23;cocura_o2,0.0,1.0,0.0,0.0345,0.1034,7,3,7,3
mægden,28,6,coapollo_o3;coblick_o23;coboeth_o2;cocura_o2;coeuphr;colacnu_o23,0.1071,0.8929,0.0,0.0,0.1429,7,3,7,3
templ,28,5,coapollo_o3;cobenrul_o3;coblick_o23;cocura_o2;coeust,0.1429,0.8214,0.0357,0.0,0.2143,7,3,7,3
unriht,28,5,cobenrul_o3;coblick_o23;coboeth_o2;cochronA_o23;cocura_o2,0.9286,0.0714,0.0,0.0,0.0714,6,2,6,1
swingel,28,3,cobenrul_o3;coblick_o23;cocura_o2,0.7143,0.2857,0.0,0.0,0.1071,0,4,0,11
halga,28,5,cobenrul_o3;coblick_o23;cochronA_o23;coeuphr;coeust,0.25,0.5357,0.2143,0.0,0.1071,5,1,11,4
butere,28,1,colacnu_o23,0.75,0.25,0.0,0.0,0.0714,6,2,6,1
untrumness,28,6,cobenrul_o3;coblick_o23;coboeth_o2;cocura_o2;coeuphr;colacnu_o23,0.75,0.1429,0.1071,0.0,0.0357,6,0,6,5
mæg,28,5,cobenrul_o3;coblick_o23;cochronA_o23;cocura_o2;colawaf_o2,0.8571,0.1071,0.0357,0.0,0.0,6,0,6,5
rest,28,5,cobenrul_o3;coblick_o23;coboeth_o2;coeuphr;coeust,0.6429,0.3571,0.0,0.0357,0.0357,0,0,3,8
gewilnung,28,5,coapollo_o3;cobenrul_o3;cocura_o2;coeuphr;coeust,0.4643,0.4643,0.0714,0.0,0.1071,0,4,3,6
dust,28,4,coblick_o23;coboeth_o2;cocura_o2;colacnu_o23,0.8214,0.1786,0.0,0.0,0.0357,6,2,6,1
hired,28,7,cobenrul_o3;coblick_o23;coboeth_o2;cocura_o2;coeuphr;coeust;colawaf_o2,0.5714,0.3929,0.1071,0.0,0.2143,5,4,5,6
wilnung,28,2,coboeth_o2;cocura_o2,0.4286,0.5357,0.0357,0.0,0.1429,0,4,3,6
eard,28,6,coapollo_o3;cobenrul_o3;coblick_o23;coboeth_o2;cocura_o2;coeust,0.8929,0.1071,0.0,0.0,0.0714,6,2,6,1
gebyrd,28,4,coapollo_o3;cobenrul_o3;coblick_o23;coboeth_o2,0.5357,0.4286,0.0357,0.0714,0.1786,0,6,3,2
medtrumness,27,3,coblick_o23;coboeth_o2;cocura_o2,0.4444,0.5185,0.037,0.0,0.1111,0,4,3,6
breost,27,5,cobenrul_o3;coblick_o23;cocura_o2;colacnu_o23;colawaf_o2,0.7407,0.2593,0.0,0.0,0.0741,6,2,6,1
ild,27,7,coapollo_o3;cobenrul_o3;coblick_o23;coboeth_o2;cochronA_o23;cocura_o2;coeuphr,0.7037,0.2222,0.0741,0.0,0.1481,0,4,0,6
gylt,27,5,cobenrul_o3;coblick_o23;coboeth_o2;cocura_o2;colawaf_o2,0.5556,0.3333,0.1481,0.0,0.4074,5,1,5,4
sweord,27,3,coblick_o23;coboeth_o2;cocura_o2,0.8148,0.1852,0.0,0.0,0.0,6,2,6,1
menigu,27,6,coapollo_o3;cobenrul_o3;coblick_o23;coboeth_o2;cocura_o2;coeust,0.0741,0.5926,0.4074,0.0,0.0,4,1,4,10
forgyfenes,27,4,cobenrul_o3;coblick_o23;cocura_o2;coeust,0.8889,0.1111,0.0,0.0,0.0,6,2,6,1
friþ,27,3,coboeth_o2;cochronA_o23;colawaf_o2,0.6667,0.2963,0.037,0.0,0.037,0,4,0,6
setl,27,7,coapollo_o3;cobenrul_o3;coblick_o23;coboeth_o2;cochronA_o23;cocura_o2;colacnu_o23,0.5926,0.4074,0.0,0.0,0.0,0,7,3,7
heord,26,4,cobenrul_o3;coblick_o23;coboeth_o2;cocura_o2,0.4615,0.5,0.0385,0.0,0.1154,0,4,3,6
godcundnes,26,4,coblick_o23;coboeth_o2;cocura_o2;coeust,0.4615,0.5385,0.0,0.0,0.3462,0,4,0,11
mæssepreost,26,4,cobenrul_o3;coblick_o23;cochronA_o23;colacnu_o23,0.4615,0.5,0.0385,0.0,0.0769,0,4,3,6
frofor,26,5,cobenrul_o3;coblick_o23;coboeth_o2;cocura_o2;coeuphr,0.8462,0.0769,0.0769,0.0385,0.2692,1,0,1,8
geornfullnes,26,3,cobenrul_o3;coboeth_o2;cocura_o2,0.3077,0.6154,0.0769,0.0,0.0385,0,4,3,6
soþ,26,5,coapollo_o3;cobenrul_o3;coblick_o23;coboeth_o2;cocura_o2,0.7692,0.1538,0.0,0.0769,0.0769,6,0,6,8
ear,26,6,cobenrul_o3;coblick_o23;coboeth_o2;cocura_o2;colacnu_o23;colawaf_o2,0.6538,0.3462,0.0,0.0,0.1154,0,4,0,11
upahafenness,26,1,cocura_o2,0.5,0.5,0.0,0.0,0.1923,0,4,0,11
þreagung,26,3,cobenrul_o3;coboeth_o2;cocura_o2,0.5769,0.3846,0.0385,0.0,0.1538,0,4,0,6
þeowdom,25,4,cobenrul_o3;coblick_o23;coboeth_o2;cocura_o2,0.72,0.28,0.0,0.0,0.4,1,2,1,9
woh,25,4,coblick_o23;coboeth_o2;cocura_o2;colawaf_o2,0.92,0.08,0.0,0.0,0.0,6,2,6,1
unrihtwisness,25,4,cobenrul_o3;coblick_o23;coboeth_o2;cocura_o2,0.76,0.2,0.04,0.0,0.12,0,4,0,6
ansyn,25,6,cobenrul_o3;coblick_o23;coboeth_o2;cocura_o2;coeuphr;coeust,0.84,0.16,0.0,0.0,0.0,6,2,6,1
gebod,25,5,cobenrul_o3;coblick_o23;coboeth_o2;cochronA_o23;cocura_o2,0.8,0.2,0.0,0.0,0.16,6,2,6,1
oleccung,25,3,coblick_o23;coboeth_o2;cocura_o2,0.6,0.36,0.04,0.0,0.04,0,4,0,6
gewyrht,25,5,coblick_o23;coboeth_o2;cocura_o2;coeuphr;colawaf_o2,0.96,0.04,0.0,0.0,0.0,6,2,6,1
ea,25,5,coblick_o23;coboeth_o2;cochronA_o23;coeust;colacnu_o23,0.16,0.76,0.0,0.08,0.28,7,6,7,2
wæpen,25,6,cobenrul_o3;coblick_o23;coboeth_o2;cochronA_o23;cocura_o2;colawaf_o2,0.8,0.2,0.04,0.0,0.24,1,4,1,6
fyrst,25,9,coapollo_o3;cobenrul_o3;coblick_o23;coboeth_o2;cochronA_o23;cocura_o2;coeust;colacnu_o23;colawaf_o2,0.6,0.4,0.0,0.0,0.0,0,7,3,7
sorh,25,3,coblick_o23;coboeth_o2;cocura_o2,0.72,0.28,0.04,0.0,0.12,0,4,0,6
fers,25,1,cobenrul_o3,0.52,0.48,0.0,0.0,0.0,0,7,3,7
drohtnung,25,3,cobenrul_o3;cocura_o2;coeuphr,0.8,0.16,0.04,0.0,0.36,1,2,1,9
sealf,24,2,cocura_o2;colacnu_o23,0.5,0.5,0.0,0.0,0.0,0,7,3,7
clænnes,24,7,coapollo_o3;cobenrul_o3;coblick_o23;coboeth_o2;cocura_o2;coeuphr;coeust,0.625,0.2083,0.1667,0.0,0.25,5,1,5,4
hlaf,24,4,cobenrul_o3;coblick_o23;cocura_o2;colacnu_o23,0.7083,0.2083,0.0,0.0833,0.125,6,0,6,8
broc,24,4,cobenrul_o3;coblick_o23;coboeth_o2;cocura_o2,0.375,0.3333,0.2917,0.0,0.0417,5,1,11,10
dysig,24,2,coboeth_o2;cocura_o2,0.625,0.3333,0.0417,0.0,0.0833,0,4,0,6
halig,23,6,coblick_o23;cochronA_o23;cocura_o2;coeust;colacnu_o23;colawaf_o2,0.3478,0.1739,0.4783,0.0,0.8261,4,1,4,4
færeld,23,4,cobenrul_o3;coboeth_o2;cochronA_o23;cocura_o2,0.5652,0.3913,0.087,0.0,0.3478,5,4,5,6
wita,23,6,cobenrul_o3;coblick_o23;coboeth_o2;cochronA_o23;cocura_o2;colawaf_o2,0.6087,0.2609,0.1739,0.0,0.3913,5,1,5,4
hungor,23,5,coapollo_o3;coblick_o23;cochronA_o23;cocura_o2;colawaf_o2,0.7826,0.1739,0.087,0.0,0.0,5,0,10,5
tun,23,6,coblick_o23;cochronA_o23;cocura_o2;coeust;colacnu_o23;colawaf_o2,0.4348,0.4348,0.087,0.0435,0.0435,0,6,3,2
ealu,22,3,coblick_o23;coboeth_o2;colacnu_o23,1.0,0.0,0.0,0.0,0.1818,1,2,1,1
feorh,22,5,coblick_o23;coboeth_o2;cochronA_o23;cocura_o2;colawaf_o2,0.9091,0.0909,0.0,0.0,0.2727,1,2,1,9
tidsang,22,2,cobenrul_o3;coblick_o23,0.3182,0.3636,0.3182,0.0,0.4091,4,1,4,4
weorod,22,4,coblick_o23;coboeth_o2;cochronA_o23;coeust,0.1818,0.3636,0.5,0.0,0.0,4,1,4,10
weorþmynd,22,7,coapollo_o3;cobenrul_o3;coblick_o23;coboeth_o2;cocura_o2;coeuphr;coeust,0.6364,0.2727,0.0909,0.0,0.0455,5,0,10,5
ildra,22,4,cobenrul_o3;coblick_o23;coboeth_o2;coeuphr,0.5909,0.4091,0.0,0.0,0.1364,0,4,0,11
hæs,22,4,coapollo_o3;cobenrul_o3;coblick_o23;cochronA_o23,0.9091,0.0455,0.0455,0.0,0.0,6,0,6,5
gesamnung,22,5,cobenrul_o3;coblick_o23;coboeth_o2;cocura_o2;coeuphr,0.2727,0.7273,0.0455,0.0,0.1364,7,3,7,3
sealmscop,22,2,coblick_o23;cocura_o2,0.0455,0.9545,0.0,0.0,0.0455,7,3,7,3
byrgen,22,4,coapollo_o3;coblick_o23;cocura_o2;coeuphr,0.6818,0.3182,0.0,0.0,0.1364,0,4,0,11
wamb,21,3,coblick_o23;cocura_o2;colacnu_o23,0.381,0.619,0.0,0.0,0.2381,0,4,0,11
weall,21,4,coapollo_o3;coblick_o23;cochronA_o23;cocura_o2,0.5714,0.4286,0.0,0.0,0.0,0,7,3,7
tear,21,8,coapollo_o3;cobenrul_o3;coblick_o23;coboeth_o2;cocura_o2;coeuphr;coeust;colacnu_o23,0.8571,0.1429,0.0,0.0,0.1429,1,2,1,1
bend,21,4,cobenrul_o3;coblick_o23;cocura_o2;colawaf_o2,0.4762,0.4762,0.0476,0.0,0.1905,0,4,0,6
ærist,21,3,coblick_o23;cocura_o2;coeust,0.6667,0.3333,0.0,0.0,0.2381,0,4,0,11
ealdordom,21,1,cocura_o2,0.5238,0.4286,0.0476,0.0,0.2857,0,4,0,6
eþel,21,6,coapollo_o3;cobenrul_o3;coblick_o23;coboeth_o2;cocura_o2;coeust,0.5714,0.4286,0.0,0.0,0.2381,0,4,0,11
leasung,21,4,cobenrul_o3;coblick_o23;coboeth_o2;cocura_o2,0.619,0.3333,0.0476,0.0,0.0952,0,4,0,6
heahengel,21,1,coblick_o23,0.1429,0.8571,0.0,0.0,0.0476,7,3,7,3
hrof,21,4,cobenrul_o3;coblick_o23;coboeth_o2;cocura_o2,0.3333,0.6667,0.0,0.0,0.0952,7,7,7,7
leahter,21,3,cobenrul_o3;coblick_o23;cocura_o2,0.619,0.1905,0.1905,0.0,0.0476,5,0,10,5
ele,21,4,coapollo_o3;coblick_o23;cocura_o2;colacnu_o23,0.8571,0.1429,0.0,0.0476,0.0476,6,0,6,8
irmþ,21,4,cobenrul_o3;coblick_o23;coboeth_o2;cocura_o2,0.5714,0.381,0.0952,0.0,0.1429,0,4,3,6
lean,21,4,cobenrul_o3;coblick_o23;coboeth_o2;cocura_o2,0.4286,0.5238,0.0476,0.0,0.2381,3,3,8,3
ceap,21,5,cobenrul_o3;coblick_o23;cochronA_o23;cocura_o2;colacnu_o23,0.4762,0.5238,0.0476,0.0,0.381,0,4,0,6
neod,21,3,coapollo_o3;cobenrul_o3;colacnu_o23,0.7143,0.0952,0.1905,0.0,0.0476,5,0,10,5
gestreon,21,3,coblick_o23;coboeth_o2;cocura_o2,0.5714,0.381,0.0476,0.0,0.0952,0,4,0,6
gedwola,21,3,coblick_o23;coboeth_o2;cocura_o2,0.7619,0.2381,0.0,0.0,0.1429,6,2,6,1
arwurþnes,21,4,cobenrul_o3;coblick_o23;coboeth_o2;cocura_o2,0.8095,0.1429,0.0952,0.0,0.0952,6,0,6,5
gimm,20,4,coapollo_o3;coblick_o23;coboeth_o2;cocura_o2,0.5,0.5,0.0,0.0,0.25,0,4,0,11
bisceopdom,20,2,cochronA_o23;cocura_o2,0.75,0.25,0.0,0.0,0.15,6,2,6,1
papa,20,3,coblick_o23;coboeth_o2;cochronA_o23,0.4,0.6,0.0,0.0,0.05,7,7,7,7
læcedom,20,4,coblick_o23;coboeth_o2;cocura_o2;colacnu_o23,0.55,0.4,0.05,0.0,0.2,0,4,0,6
gereord,20,3,coapollo_o3;cobenrul_o3;coblick_o23,0.7,0.25,0.05,0.0,0.2,0,4,0,6
gesiehþ,20,5,cobenrul_o3;coblick_o23;coboeth_o2;cocura_o2;coeust,0.6,0.4,0.0,0.0,0.0,0,7,3,7
tohopa,20,3,cobenrul_o3;coboeth_o2;cocura_o2,0.2,0.7,0.05,0.1,0.05,7,6,7,2
eorl,20,2,cochronA_o23;colawaf_o2,0.65,0.2,0.0,0.15,0.1,6,5,6,0
gewitnes,20,5,cobenrul_o3;coblick_o23;coboeth_o2;cocura_o2;colawaf_o2,0.95,0.05,0.0,0.0,0.05,6,2,6,1
gymeleast,20,3,cobenrul_o3;coboeth_o2;cocura_o2,0.95,0.05,0.0,0.0,0.1,6,2,6,1
neat,20,4,coboeth_o2;cocura_o2;colacnu_o23;colawaf_o2,0.55,0.4,0.05,0.0,0.15,0,4,0,6
gewin,20,5,coblick_o23;coboeth_o2;cochronA_o23;cocura_o2;coeust,0.75,0.2,0.05,0.0,0.2,0,4,0,6
gesinscipe,20,3,coapollo_o3;cocura_o2;coeuphr,0.4,0.6,0.0,0.0,0.2,0,4,0,11
anginn,19,3,cobenrul_o3;coboeth_o2;cocura_o2,0.4737,0.3158,0.2105,0.0,0.0526,5,1,11,10
wealdend,19,3,coblick_o23;coboeth_o2;cocura_o2,0.8947,0.0526,0.0,0.0526,0.0,6,0,6,8
seolfor,19,6,coapollo_o3;cobenrul_o3;coblick_o23;coboeth_o2;cochronA_o23;cocura_o2,0.8421,0.1053,0.0526,0.0,0.3684,1,2,1,9
folgoþ,19,3,coblick_o23;coboeth_o2;cocura_o2,0.3684,0.5263,0.1053,0.0,0.1579,0,4,3,6
fægernes,19,4,coapollo_o3;coblick_o23;coboeth_o2;coeuphr,0.5789,0.2632,0.2105,0.0,0.2105,5,1,5,4
gitsere,19,3,coblick_o23;coboeth_o2;cocura_o2,0.3684,0.6316,0.0,0.0,0.0526,7,7,7,7
reaf,19,3,coapollo_o3;cobenrul_o3;coeust,0.5789,0.4211,0.0,0.0,0.3158,0,4,0,11
dry,19,1,coblick_o23,0.2632,0.7368,0.0,0.0,0.0526,7,7,7,7
carcern,19,4,coblick_o23;coboeth_o2;cocura_o2;colawaf_o2,0.4211,0.5263,0.0526,0.0,0.0526,0,4,3,6
discipul,19,1,coblick_o23,0.8947,0.0,0.1053,0.0,0.0526,6,0,6,5
æfest,19,3,cobenrul_o3;coblick_o23;cocura_o2,0.4737,0.4737,0.0526,0.0,0.0526,0,4,3,6
ban,18,7,cobenrul_o3;coblick_o23;coboeth_o2;cochronA_o23;cocura_o2;colacnu_o23;colawaf_o2,0.5556,0.4444,0.0556,0.0,0.0,0,1,3,10
cyrr,18,5,cobenrul_o3;coboeth_o2;cochronA_o23;cocura_o2;colawaf_o2,0.2778,0.0556,0.5556,0.1667,0.0,4,5,4,0
rude,18,2,coapollo_o3;colacnu_o23,1.0,0.0,0.0,0.0,0.2222,1,2,1,1
gedrefednes,18,6,coapollo_o3;cobenrul_o3;coboeth_o2;cocura_o2;coeuphr;coeust,0.5556,0.3889,0.0556,0.0,0.2778,0,4,0,6
ræd,18,5,cobenrul_o3;coblick_o23;cochronA_o23;cocura_o2;coeuphr,0.7778,0.1111,0.1111,0.0,0.0556,6,0,6,5
mæsse,18,5,cobenrul_o3;coblick_o23;cochronA_o23;colacnu_o23;colawaf_o2,0.7778,0.0,0.0,0.2222,0.0,6,5,6,0
more,18,1,colacnu_o23,0.7222,0.2222,0.0556,0.0556,0.0556,6,0,6,8
wigbed,18,3,cobenrul_o3;coblick_o23;cocura_o2,0.0556,0.8889,0.0,0.0556,0.1667,7,6,7,2
rædic,18,1,colacnu_o23,1.0,0.0,0.0,0.0,0.0,6,2,6,1
hwæte,18,5,coapollo_o3;cobenrul_o3;coblick_o23;coboeth_o2;cocura_o2,0.5,0.5,0.0,0.0,0.1667,0,4,0,11
hund,18,5,coblick_o23;coboeth_o2;cocura_o2;colacnu_o23;colawaf_o2,0.6667,0.2778,0.0556,0.0,0.0556,0,4,0,6
tungol,18,4,coapollo_o3;coblick_o23;coboeth_o2;cochronA_o23,0.2778,0.5,0.2222,0.0,0.1111,5,1,11,4
æþeling,18,2,coboeth_o2;cochronA_o23,0.4444,0.4444,0.0556,0.0556,0.1111,0,6,3,2
weoroldsælþa,18,1,coboeth_o2,0.0,1.0,0.0,0.0,0.1667,7,3,7,3
weorþung,18,4,cobenrul_o3;coblick_o23;cocura_o2;colawaf_o2,0.6667,0.3333,0.0,0.0,0.0,0,7,0,7
uþwita,18,2,coapollo_o3;coboeth_o2,0.5556,0.2222,0.1667,0.0556,0.1667,5,1,5,4
wop,18,7,coapollo_o3;cobenrul_o3;coblick_o23;coboeth_o2;cocura_o2;coeuphr;coeust,0.8333,0.1111,0.0556,0.0,0.0,6,0,6,5
eax,18,2,coboeth_o2;colacnu_o23,0.1111,0.8889,0.0,0.0,0.1111,7,3,7,3
heorot,18,4,coblick_o23;cocura_o2;coeust;colacnu_o23,0.9444,0.0556,0.0,0.0,0.3333,1,2,1,9
hearh,18,4,coblick_o23;cochronA_o23;cocura_o2;coeust,0.3333,0.6111,0.2222,0.0556,0.0,5,6,11,2
wen,18,6,coapollo_o3;cobenrul_o3;coblick_o23;coboeth_o2;cocura_o2;colacnu_o23,0.8889,0.0,0.1111,0.0,0.0,6,0,6,5
morgen,17,4,coblick_o23;cochronA_o23;cocura_o2;colacnu_o23,0.6471,0.0588,0.0,0.2941,0.0,2,5,2,0
betonice,17,1,colacnu_o23,0.9412,0.0588,0.0,0.0,0.2941,1,2,1,9
gifernes,17,3,coblick_o23;coboeth_o2;cocura_o2,0.7059,0.2941,0.0,0.0,0.3529,1,2,1,9
wæta,17,5,cobenrul_o3;coblick_o23;coboeth_o2;cocura_o2;colacnu_o23,0.4118,0.5882,0.0,0.0,0.1765,0,4,0,11
lig,17,3,coblick_o23;coboeth_o2;cocura_o2,0.2941,0.7059,0.0,0.0588,0.3529,3,6,8,2
uhtsang,17,1,cobenrul_o3,0.3529,0.5882,0.0588,0.0588,0.1765,0,6,3,2
tocyme,17,3,coblick_o23;cocura_o2;colacnu_o23,0.5882,0.4118,0.0,0.0,0.0588,0,4,0,11
ræps,17,1,cobenrul_o3,0.5294,0.1765,0.0,0.2941,0.0588,2,5,2,0
racu,17,3,cobenrul_o3;coboeth_o2;cocura_o2,0.4118,0.4706,0.1765,0.0,0.0,5,1,11,10
leoma,17,5,coblick_o23;cochronA_o23;cocura_o2;coeust;colacnu_o23,0.5882,0.2941,0.1176,0.0,0.1176,5,4,10,6
geþafung,16,4,cobenrul_o3;coblick_o23;cochronA_o23;cocura_o2,0.6875,0.3125,0.0,0.0,0.1875,0,4,0,11
sceand,16,1,cocura_o2,0.1875,0.5,0.3125,0.0,0.125,4,1,4,4
bær,16,1,coblick_o23,0.375,0.625,0.0,0.0,0.0,7,7,7,7
cwen,16,3,coapollo_o3;coblick_o23;cochronA_o23,0.75,0.25,0.0,0.0,0.0625,6,2,6,1
wyrttruma,16,4,coblick_o23;coboeth_o2;cocura_o2;colacnu_o23,0.3125,0.6875,0.0,0.0,0.0,7,7,7,7
ymbhoga,16,2,coboeth_o2;cocura_o2,0.5,0.5,0.0,0.0,0.25,0,4,0,11
eadignes,16,5,cobenrul_o3;coblick_o23;coboeth_o2;cocura_o2;coeuphr,0.3125,0.5625,0.0,0.125,0.0625,0,6,3,2
sceap,16,4,cobenrul_o3;coblick_o23;cocura_o2;colacnu_o23,0.5,0.4375,0.0,0.0625,0.4375,3,6,8,2
rædels,16,2,coapollo_o3;coboeth_o2,0.4375,0.5,0.0625,0.0,0.0,0,1,3,10
heahnes,16,3,coblick_o23;coboeth_o2;cocura_o2,0.5625,0.4375,0.0,0.0,0.0,0,7,3,7
geoguþ,16,4,coapollo_o3;cobenrul_o3;coblick_o23;cocura_o2,0.6875,0.3125,0.0,0.0,0.125,0,4,0,11
æfen,16,5,cobenrul_o3;coblick_o23;coboeth_o2;cochronA_o23;colacnu_o23,0.875,0.125,0.0,0.0,0.0625,6,2,6,1
yþe,16,4,coapollo_o3;coblick_o23;coboeth_o2;cocura_o2,0.25,0.75,0.0625,0.0,0.1875,7,3,7,3
wana,16,2,coboeth_o2;cocura_o2,0.9375,0.0,0.0625,0.0,0.0,6,0,6,5
tol,16,3,cobenrul_o3;coboeth_o2;cocura_o2,0.6875,0.3125,0.0,0.0,0.0625,0,2,0,1
hors,16,4,cochronA_o23;cocura_o2;coeust;colacnu_o23,0.75,0.1875,0.0625,0.0,0.125,0,4,0,6
westen,16,5,coblick_o23;coboeth_o2;cocura_o2;coeuphr;coeust,0.5625,0.4375,0.0625,0.0,0.0,0,1,3,10
ham,16,5,coblick_o23;coboeth_o2;cochronA_o23;coeuphr;colawaf_o2,0.6875,0.3125,0.0,0.0,0.1875,0,4,0,11
sealt,16,2,cocura_o2;colacnu_o23,0.8125,0.1875,0.0,0.0,0.1875,1,2,1,1
foreþanc,16,2,coboeth_o2;cocura_o2,0.375,0.625,0.0,0.0,0.0,7,7,7,7
wa,16,4,coblick_o23;cocura_o2;coeuphr;coeust,1.0,0.0,0.0,0.0,0.0,6,2,6,1
earc,15,2,cochronA_o23;cocura_o2,0.0,1.0,0.0,0.0,0.1333,7,3,7,3
sweg,15,5,coapollo_o3;cobenrul_o3;coblick_o23;coboeth_o2;cocura_o2,0.6,0.4,0.0,0.0,0.0,0,7,3,7
stede,15,4,cobenrul_o3;coboeth_o2;cochronA_o23;cocura_o2,0.6,0.4,0.0,0.0667,0.0,0,0,3,8
gesiht,15,3,cobenrul_o3;coblick_o23;coeust,0.9333,0.0667,0.0,0.0,0.0,6,2,6,1
gescead,15,3,cobenrul_o3;cochronA_o23;cocura_o2,0.7333,0.0667,0.2,0.0,0.2,5,0,5,5
lustfullnes,15,2,coblick_o23;cocura_o2,0.4667,0.4667,0.0667,0.0,0.0,0,1,3,10
slæwþ,15,2,coboeth_o2;cocura_o2,0.6667,0.3333,0.0,0.0,0.2667,0,4,0,11
forwyrd,15,4,cobenrul_o3;coblick_o23;coboeth_o2;cocura_o2,0.9333,0.0667,0.0,0.0,0.0667,6,2,6,1
anwald,15,3,coblick_o23;cochronA_o23;cocura_o2,0.8,0.2,0.0,0.0,0.2,1,2,1,1
ben,15,6,cobenrul_o3;coblick_o23;cochronA_o23;cocura_o2;coeuphr;coeust,0.9333,0.0667,0.0,0.0,0.0,6,2,6,1
burhwaru,15,5,coapollo_o3;coblick_o23;coboeth_o2;cochronA_o23;cocura_o2,0.2,0.8,0.0,0.0,0.1333,7,3,7,3
deofolgyld,15,3,coblick_o23;cocura_o2;coeust,0.4667,0.3333,0.2,0.0667,0.2,5,1,5,4
pening,15,5,coapollo_o3;coblick_o23;cocura_o2;colacnu_o23;colawaf_o2,0.6,0.0667,0.0,0.3333,0.5333,2,5,9,0
sang,15,6,coapollo_o3;cobenrul_o3;coblick_o23;coboeth_o2;cocura_o2;coeuphr,0.6,0.3333,0.0,0.0667,0.2,0,0,3,8
bysmor,15,3,coblick_o23;cocura_o2;colawaf_o2,0.4667,0.4,0.1333,0.0,0.1333,0,4,3,6
wiþerweardness,15,4,cobenrul_o3;coblick_o23;coboeth_o2;cocura_o2,0.3333,0.4,0.2667,0.0,0.0,5,1,11,10
hyht,15,5,coapollo_o3;cobenrul_o3;coblick_o23;cocura_o2;coeuphr,0.7333,0.1333,0.0667,0.0667,0.0667,6,0,6,8
wilm,15,4,cobenrul_o3;coblick_o23;coboeth_o2;cocura_o2,0.3333,0.6,0.0667,0.0,0.0,0,1,3,10
wermod,15,1,colacnu_o23,0.9333,0.0,0.0667,0.0,0.0667,6,0,6,5
adl,15,5,coapollo_o3;coblick_o23;cocura_o2;coeust;colacnu_o23,0.4667,0.4,0.1333,0.0,0.0667,0,1,3,10
cempa,15,3,coapollo_o3;cocura_o2;coeust,0.4667,0.4,0.0,0.1333,0.6,3,6,8,2
wille,14,7,coapollo_o3;cobenrul_o3;coblick_o23;cochronA_o23;cocura_o2;coeust;colacnu_o23,0.7857,0.1429,0.0,0.0714,0.3571,1,0,1,8
pund,14,5,coapollo_o3;cobenrul_o3;coblick_o23;cochronA_o23;colawaf_o2,0.5,0.0,0.0,0.5,0.5714,2,5,9,0
gewit,14,3,cobenrul_o3;coboeth_o2;cocura_o2,0.6429,0.2857,0.0714,0.0,0.2143,0,4,0,6
hærfest,14,4,coboeth_o2;cochronA_o23;colacnu_o23;colawaf_o2,0.7857,0.2143,0.0,0.0,0.1429,6,2,6,1
andetnes,14,3,cobenrul_o3;coblick_o23;cocura_o2,0.7857,0.2143,0.0,0.0,0.0,6,2,6,1
ungeþyld,14,3,coblick_o23;coboeth_o2;cocura_o2,0.5,0.5,0.0,0.0,0.3571,0,4,0,11
anmodnes,14,1,cocura_o2,0.3571,0.5714,0.0714,0.0,0.0714,0,4,3,6
mannþwærness,14,2,coblick_o23;cocura_o2,0.5714,0.4286,0.0,0.0,0.2857,0,4,0,11
mancynn,14,2,coblick_o23;coeust,0.8571,0.0,0.1429,0.0,0.2143,5,0,5,5
freondscipe,14,4,coapollo_o3;coblick_o23;coboeth_o2;cocura_o2,0.9286,0.0714,0.0,0.0,0.0,6,2,6,1
cneow,14,6,cobenrul_o3;coblick_o23;cocura_o2;coeust;colacnu_o23;colawaf_o2,0.9286,0.0714,0.0,0.0,0.0714,6,2,6,1
gemynd,14,4,cobenrul_o3;coblick_o23;coboeth_o2;cocura_o2,0.6429,0.2857,0.0714,0.0,0.0714,0,4,0,6
frecnes,14,4,cobenrul_o3;coblick_o23;coboeth_o2;cocura_o2,0.2857,0.3571,0.3571,0.0,0.2143,4,1,4,4
stillness,14,6,coapollo_o3;cobenrul_o3;coblick_o23;coboeth_o2;cocura_o2;colacnu_o23,0.7143,0.2143,0.0714,0.0,0.0,5,0,10,5
heahfæder,14,4,cobenrul_o3;coblick_o23;cocura_o2;coeuphr,0.4286,0.5,0.0714,0.0714,0.5,3,6,8,2
idelnes,14,4,cobenrul_o3;coblick_o23;cocura_o2;coeust,0.8571,0.1429,0.0,0.0,0.0714,6,2,6,1
herung,14,3,cobenrul_o3;coboeth_o2;cocura_o2,0.5,0.4286,0.0714,0.0,0.2143,0,4,0,6
laf,14,4,cobenrul_o3;coblick_o23;coboeth_o2;cochronA_o23,0.7857,0.2143,0.0,0.0,0.0,6,2,6,1
tiderness,14,6,cobenrul_o3;coblick_o23;coboeth_o2;cocura_o2;coeuphr;colacnu_o23,0.6429,0.2857,0.0714,0.0,0.1429,0,4,0,6
bigspell,14,2,coboeth_o2;cocura_o2,0.5714,0.1429,0.2857,0.0,0.0,5,1,10,10
deor,14,5,cobenrul_o3;coblick_o23;coboeth_o2;cocura_o2;coeust,0.5714,0.2143,0.1429,0.0714,0.0,5,0,10,8
digolnes,14,3,coapollo_o3;coboeth_o2;cocura_o2,0.2143,0.7143,0.1429,0.0,0.1429,7,1,7,4
cyle,14,4,coblick_o23;coboeth_o2;cocura_o2;colacnu_o23,0.7857,0.2143,0.0,0.0,0.0714,6,2,6,1
demm,13,2,coboeth_o2;cocura_o2,0.3077,0.4615,0.2308,0.0,0.0,5,1,11,10
gegerela,13,4,coapollo_o3;coblick_o23;coboeth_o2;coeuphr,0.6923,0.2308,0.1538,0.0,0.0,5,0,10,5
neorxnawang,13,3,coblick_o23;cocura_o2;coeust,0.9231,0.0769,0.0,0.0,0.2308,1,2,1,9
geþanc,13,2,cobenrul_o3;cocura_o2,0.9231,0.0,0.0769,0.0,0.0769,6,0,6,5
wædl,13,3,coblick_o23;coboeth_o2;cocura_o2,0.7692,0.2308,0.0,0.0,0.0769,6,2,6,1
æwylm,13,2,coboeth_o2;cocura_o2,0.3846,0.5385,0.1538,0.0,0.0,5,1,11,10
dun,13,4,cobenrul_o3;coblick_o23;coboeth_o2;cochronA_o23,0.6154,0.3846,0.0,0.0769,0.0,0,0,3,8
aþ,13,5,coapollo_o3;cobenrul_o3;coboeth_o2;cochronA_o23;colawaf_o2,0.7692,0.0769,0.1538,0.0,0.0,5,0,10,5
andwlita,13,4,coapollo_o3;coblick_o23;coboeth_o2;cocura_o2,0.9231,0.0769,0.0769,0.0,0.0769,6,0,6,5
undern,13,3,cobenrul_o3;coblick_o23;cochronA_o23,1.0,0.0,0.0,0.0,0.0,6,2,6,1
heretoga,13,3,coblick_o23;coboeth_o2;cocura_o2,0.5385,0.4615,0.0,0.0,0.1538,0,4,0,11
wræc,13,4,coblick_o23;coboeth_o2;cochronA_o23;cocura_o2,0.4615,0.4615,0.0769,0.0,0.0769,0,4,3,6
fæc,13,7,coapollo_o3;cobenrul_o3;coblick_o23;cochronA_o23;cocura_o2;coeuphr;coeust,0.6154,0.0769,0.3846,0.0,0.0,4,1,4,10
leo,13,2,coboeth_o2;coeust,0.3846,0.3846,0.0,0.2308,0.0,2,5,2,0
geat,13,5,coapollo_o3;cobenrul_o3;coblick_o23;cochronA_o23;cocura_o2,0.5385,0.4615,0.0769,0.0,0.0,0,1,3,10
stræt,13,3,coapollo_o3;coblick_o23;cocura_o2,0.3077,0.6154,0.0769,0.0,0.2308,3,3,8,3
gerefa,13,4,coapollo_o3;coblick_o23;cochronA_o23;colawaf_o2,0.7692,0.2308,0.0,0.0,0.0,6,2,6,1
gemæcca,13,3,coapollo_o3;coblick_o23;coeust,0.9231,0.0,0.0,0.0769,0.0,6,0,6,8
micelness,13,5,cobenrul_o3;coblick_o23;coboeth_o2;cocura_o2;coeust,0.9231,0.0769,0.0,0.0,0.1538,1,2,1,1
smeagung,13,3,cobenrul_o3;coboeth_o2;cocura_o2,0.3846,0.5385,0.0769,0.0,0.1538,0,4,3,6
firenlust,13,3,coblick_o23;coboeth_o2;cocura_o2,0.9231,0.0769,0.0,0.0,0.2308,1,2,1,9
manncynn,13,2,coboeth_o2;cocura_o2,0.2308,0.0769,0.6923,0.0,0.0769,4,1,4,4
meolc,13,2,cocura_o2;colacnu_o23,0.9231,0.0769,0.0,0.0,0.0,6,2,6,1
gemetgung,13,3,cobenrul_o3;coboeth_o2;cocura_o2,0.6154,0.3077,0.0769,0.0,0.0,5,1,10,10
steorra,13,3,coblick_o23;coboeth_o2;cochronA_o23,0.2308,0.4615,0.3846,0.0,0.1538,4,1,4,4
side,13,5,cobenrul_o3;coblick_o23;coboeth_o2;cocura_o2;colacnu_o23,0.4615,0.4615,0.0769,0.0769,0.0,0,6,3,2
neahwest,13,4,coblick_o23;coboeth_o2;cochronA_o23;cocura_o2,1.0,0.0,0.0,0.0,0.0769,6,2,6,1
mona,13,4,coblick_o23;coboeth_o2;cochronA_o23;cocura_o2,0.2308,0.6154,0.0769,0.0769,0.1538,0,6,3,2
finol,12,1,colacnu_o23,1.0,0.0,0.0,0.0,0.0833,6,2,6,1
scir,12,4,cochronA_o23;cocura_o2;coeust;colawaf_o2,0.3333,0.5833,0.0,0.0833,0.1667,0,6,3,2
sweostor,12,5,coblick_o23;cochronA_o23;coeuphr;colacnu_o23;colawaf_o2,1.0,0.0,0.0,0.0,0.0,6,2,6,1
wulf,12,5,coblick_o23;coboeth_o2;cocura_o2;coeust;colacnu_o23,0.5833,0.25,0.0,0.1667,0.0833,6,5,6,0
andgit,12,3,coblick_o23;coboeth_o2;cocura_o2,0.5,0.5,0.0,0.0,0.0833,0,4,0,11
hryþer,12,2,coblick_o23;colacnu_o23,0.5,0.5,0.0,0.0,0.25,0,4,0,11
sælþ,12,2,coboeth_o2;cocura_o2,0.4167,0.5833,0.0,0.0,0.0833,0,7,3,7
andswaru,12,5,coapollo_o3;cobenrul_o3;coblick_o23;coboeth_o2;cocura_o2,0.5833,0.4167,0.0,0.0,0.0833,0,4,0,11
uncyst,12,3,cobenrul_o3;coblick_o23;cocura_o2,0.3333,0.5,0.1667,0.0,0.25,5,1,5,4
wlencu,12,3,coblick_o23;coboeth_o2;cocura_o2,0.75,0.1667,0.0833,0.0,0.0,5,0,10,5
wyrm,12,4,cobenrul_o3;coblick_o23;coboeth_o2;colacnu_o23,0.6667,0.1667,0.1667,0.0,0.25,5,1,5,4
unrihthæmed,12,3,coblick_o23;coboeth_o2;cocura_o2,0.75,0.25,0.0,0.0,0.4167,1,2,1,9
capitol,12,2,cobenrul_o3;coboeth_o2,0.25,0.25,0.0,0.5833,0.3333,2,5,2,0
antefn,12,1,cobenrul_o3,0.8333,0.0,0.0,0.1667,0.0,6,5,6,0
sciphere,12,2,coboeth_o2;cochronA_o23,0.4167,0.1667,0.4167,0.0,0.0,4,1,4,10
mæþ,12,3,coboeth_o2;cocura_o2;colacnu_o23,0.9167,0.0833,0.0,0.0,0.0,6,2,6,1
bisceopwyrt,12,1,colacnu_o23,0.9167,0.0833,0.0,0.0,0.0833,6,2,6,1
ymen,12,2,cobenrul_o3;coblick_o23,1.0,0.0,0.0,0.0,0.0,6,2,6,1
arfæstnes,12,4,coapollo_o3;coblick_o23;cocura_o2;coeust,0.6667,0.25,0.0833,0.0,0.1667,0,4,0,6
attor,12,4,coapollo_o3;coblick_o23;cocura_o2;colacnu_o23,0.75,0.1667,0.0833,0.0,0.0833,6,0,6,5
muþa,12,1,cochronA_o23,0.5833,0.4167,0.0,0.0,0.0,0,7,3,7
godnes,12,2,coboeth_o2;cocura_o2,0.75,0.25,0.0,0.0,0.25,1,4,1,11
nosu,12,1,cocura_o2,0.5,0.5,0.1667,0.0,0.0,5,1,11,10
gewita,12,4,coblick_o23;coboeth_o2;cocura_o2;coeust,1.0,0.0,0.0,0.0,0.0,6,2,6,1
prafost,12,1,cobenrul_o3,0.3333,0.6667,0.0,0.0,0.0833,7,7,7,7
gymend,12,4,coblick_o23;coboeth_o2;cocura_o2;coeust,0.5833,0.1667,0.25,0.0,0.0,5,1,10,10
rodor,12,1,coboeth_o2,0.0,1.0,0.1667,0.0,0.0833,7,3,7,3
geferscipe,12,3,coblick_o23;coboeth_o2;cocura_o2,0.3333,0.5,0.25,0.1667,0.0833,5,6,11,2
last,12,3,coblick_o23;coboeth_o2;cocura_o2,0.5,0.5,0.0,0.0,0.0,0,7,3,7
teona,12,4,cobenrul_o3;coblick_o23;cochronA_o23;cocura_o2,0.75,0.1667,0.1667,0.0,0.0,5,0,10,5
tæling,12,1,cocura_o2,0.3333,0.5,0.1667,0.0,0.1667,5,1,5,4
mil,12,3,cobenrul_o3;coblick_o23;cochronA_o23,0.5833,0.0833,0.0,0.3333,0.6667,2,5,9,0
heall,12,6,coapollo_o3;coblick_o23;cocura_o2;coeuphr;coeust;colawaf_o2,0.6667,0.3333,0.0,0.0,0.0,0,7,0,7
lyft,12,4,cobenrul_o3;coblick_o23;coboeth_o2;cocura_o2,0.4167,0.5833,0.0,0.0,0.0833,0,7,3,7
hearpe,12,3,coapollo_o3;coboeth_o2;cocura_o2,0.3333,0.5833,0.0833,0.0,0.25,3,3,8,3
milts,12,4,cobenrul_o3;coblick_o23;cocura_o2;coeuphr,0.75,0.0833,0.1667,0.0,0.25,5,0,5,5
dægredsang,11,1,cobenrul_o3,0.8182,0.1818,0.0,0.0,0.0909,6,2,6,1
blostm,11,3,coblick_o23;coboeth_o2;colacnu_o23,0.9091,0.0,0.0909,0.0,0.0909,6,0,6,5
wædla,11,3,coblick_o23;coboeth_o2;cocura_o2,0.2727,0.7273,0.0,0.0,0.0909,7,7,7,7
wælstow,11,1,cochronA_o23,1.0,0.0,0.0,0.0,1.0,1,2,1,9
palmtwig,11,1,coblick_o23,0.3636,0.6364,0.0,0.0,0.0,7,7,7,7
gewald,11,3,coblick_o23;cochronA_o23;cocura_o2,1.0,0.0,0.0,0.0,0.0,6,2,6,1
corn,11,4,coboeth_o2;cochronA_o23;cocura_o2;colacnu_o23,0.5455,0.3636,0.0909,0.0,0.0909,0,4,3,6
nafu,11,1,coboeth_o2,0.0,1.0,0.0,0.0,0.0,7,3,7,3
hreow,11,2,coblick_o23;cocura_o2,0.5455,0.3636,0.0909,0.0,0.0,5,1,10,10
andweorc,11,3,coboeth_o2;cocura_o2;colawaf_o2,0.7273,0.0,0.2727,0.0,0.0909,5,0,10,5
ungeþwærness,11,4,cobenrul_o3;coboeth_o2;cochronA_o23;cocura_o2,0.6364,0.0909,0.2727,0.0,0.0909,5,1,10,10
þigen,11,1,cobenrul_o3,0.7273,0.2727,0.0,0.0,0.1818,0,4,0,11
hæte,11,5,cobenrul_o3;coblick_o23;coboeth_o2;coeust;colacnu_o23,0.6364,0.3636,0.0,0.0,0.0,0,7,0,7
iren,11,3,cobenrul_o3;cocura_o2;colacnu_o23,0.7273,0.1818,0.0909,0.0,0.0,5,0,10,5
leohtfæt,11,3,coblick_o23;cocura_o2;coeuphr,0.8182,0.1818,0.0,0.0,0.0909,6,2,6,1
leod,11,2,coblick_o23;cochronA_o23,0.1818,0.8182,0.0,0.0909,0.0,7,6,7,2
smeoru,11,1,colacnu_o23,0.8182,0.1818,0.0909,0.0,0.0,5,0,10,5
slæp,11,4,coapollo_o3;cobenrul_o3;coblick_o23;cocura_o2,0.8182,0.1818,0.0,0.0,0.0,6,2,6,1
fird,11,2,coapollo_o3;cochronA_o23,0.6364,0.3636,0.0909,0.0,0.0,5,1,10,10
eolone,11,1,colacnu_o23,1.0,0.0,0.0,0.0,0.1818,1,2,1,1
foreteohhung,11,1,coboeth_o2,0.1818,0.8182,0.0,0.0,0.0,7,7,7,7
gelica,11,3,coapollo_o3;coboeth_o2;cocura_o2,0.9091,0.0,0.0909,0.0,0.0,6,0,6,5
eal,11,1,colacnu_o23,1.0,0.0,0.0,0.0,0.0,6,2,6,1
sweor,11,7,cobenrul_o3;coblick_o23;coboeth_o2;cocura_o2;coeuphr;colacnu_o23;colawaf_o2,0.5455,0.4545,0.0,0.0,0.0,0,7,3,7
goldhord,11,5,coapollo_o3;coblick_o23;coboeth_o2;cochronA_o23;cocura_o2,0.5455,0.3636,0.1818,0.0,0.0,5,1,11,10
ærendgewrit,11,4,cobenrul_o3;coblick_o23;coboeth_o2;cocura_o2,0.6364,0.2727,0.0909,0.0,0.0,5,1,10,10
wærscipe,11,2,coboeth_o2;cocura_o2,0.6364,0.3636,0.0,0.0,0.2727,0,4,0,11
heahsetl,11,2,coblick_o23;coboeth_o2,0.5455,0.4545,0.0,0.0,0.0909,0,4,0,11
hefignes,11,4,cobenrul_o3;coboeth_o2;cocura_o2;colacnu_o23,0.9091,0.0909,0.0,0.0,0.0,6,2,6,1
non,11,1,cobenrul_o3,0.9091,0.0909,0.0,0.0,0.0909,6,2,6,1
nebb,11,4,coboeth_o2;cocura_o2;colacnu_o23;colawaf_o2,0.2727,0.7273,0.0,0.0,0.0,7,7,7,7
regn,11,3,coblick_o23;coboeth_o2;cocura_o2,0.4545,0.4545,0.0909,0.0,0.1818,0,4,0,6
hatheortnes,11,3,coboeth_o2;cocura_o2;coeust,0.6364,0.2727,0.0909,0.0,0.1818,0,4,0,6
halignes,11,3,cobenrul_o3;coblick_o23;cocura_o2,0.2727,0.7273,0.0,0.0,0.3636,3,3,8,3
stenc,11,2,coblick_o23;cocura_o2,0.4545,0.5455,0.0,0.0,0.0909,0,7,3,7
ceorl,10,4,coblick_o23;coboeth_o2;cocura_o2;colawaf_o2,0.6,0.4,0.0,0.0,0.3,0,4,0,11
beorhtu,10,2,coboeth_o2;cocura_o2,0.3,0.7,0.0,0.0,0.1,7,7,7,7
bisceophad,10,2,coblick_o23;cocura_o2,0.8,0.2,0.0,0.0,0.1,6,2,6,1
cyþþ,10,4,coblick_o23;coboeth_o2;cochronA_o23;cocura_o2,1.0,0.0,0.0,0.0,0.0,6,2,6,1
eaca,10,4,cobenrul_o3;coboeth_o2;cochronA_o23;cocura_o2,0.1,0.3,0.6,0.0,0.3,4,1,4,4
gyld,10,2,coblick_o23;colawaf_o2,0.3,0.5,0.1,0.1,0.0,0,6,3,2
grin,10,2,cobenrul_o3;cocura_o2,0.5,0.3,0.2,0.0,0.1,5,1,11,10
gehat,10,4,cobenrul_o3;coblick_o23;coboeth_o2;cocura_o2,0.4,0.4,0.2,0.0,0.0,5,1,11,10
lofsang,10,3,cobenrul_o3;coblick_o23;coeust,0.7,0.3,0.0,0.0,0.1,0,4,0,11
sceawung,10,3,coblick_o23;coboeth_o2;cocura_o2,0.1,0.9,0.0,0.1,0.2,7,6,7,2
sceamu,10,4,coapollo_o3;cobenrul_o3;coboeth_o2;cocura_o2,0.8,0.2,0.0,0.0,0.1,6,2,6,1
geflit,10,5,coapollo_o3;cobenrul_o3;coblick_o23;coboeth_o2;cocura_o2,0.8,0.1,0.1,0.0,0.3,1,0,1,5
salfige,10,2,cobenrul_o3;colacnu_o23,1.0,0.0,0.0,0.0,0.2,1,2,1,1
rind,10,3,coboeth_o2;cocura_o2;colacnu_o23,0.5,0.5,0.1,0.0,0.1,0,4,3,6
reccenddom,10,2,cobenrul_o3;cocura_o2,0.3,0.7,0.0,0.0,0.7,3,3,8,3
racente,10,2,coblick_o23;coboeth_o2,0.9,0.1,0.0,0.0,0.0,6,2,6,1
mæl,10,4,cobenrul_o3;cochronA_o23;cocura_o2;colacnu_o23,0.5,0.0,0.0,0.5,0.0,2,5,2,0
gnornung,10,4,cobenrul_o3;coblick_o23;coboeth_o2;cocura_o2,0.4,0.4,0.2,0.0,0.0,5,1,11,10
notu,10,2,cobenrul_o3;coboeth_o2,0.6,0.3,0.1,0.0,0.0,5,1,10,10
nædre,10,4,coblick_o23;coboeth_o2;cochronA_o23;cocura_o2,0.4,0.5,0.0,0.1,0.4,3,6,8,2
onbryrdness,10,5,cobenrul_o3;coblick_o23;cocura_o2;coeuphr;coeust,0.9,0.1,0.0,0.0,0.0,6,2,6,1
edwit,10,4,cobenrul_o3;coblick_o23;cocura_o2;coeust,0.9,0.1,0.1,0.0,0.1,6,0,6,5
fenn,10,3,coboeth_o2;cochronA_o23;cocura_o2,0.5,0.5,0.0,0.0,0.0,0,7,3,7
ealand,10,2,coboeth_o2;cochronA_o23,0.2,0.7,0.1,0.0,0.1,7,1,7,4
earm,10,4,coblick_o23;coboeth_o2;colacnu_o23;colawaf_o2,0.3,0.7,0.0,0.0,0.0,7,7,7,7
scræf,10,3,coblick_o23;cocura_o2;coeuphr,0.4,0.4,0.2,0.0,0.4,5,1,5,4
spæc,10,3,coapollo_o3;coboeth_o2;cochronA_o23,0.1,0.7,0.2,0.0,0.1,7,1,7,4
merigen,10,4,cobenrul_o3;cochronA_o23;coeuphr;colacnu_o23,1.0,0.0,0.0,0.0,0.0,6,2,6,1
foresceawung,10,3,cobenrul_o3;coboeth_o2;cocura_o2,0.5,0.5,0.0,0.0,0.0,0,7,3,7
irfe,10,3,cochronA_o23;cocura_o2;colawaf_o2,0.8,0.2,0.0,0.0,0.4,1,2,1,9
irsung,10,3,cobenrul_o3;coboeth_o2;cocura_o2,0.7,0.3,0.0,0.0,0.1,0,4,0,11
hid,10,4,coboeth_o2;cochronA_o23;cocura_o2;colawaf_o2,0.4,0.5,0.0,0.1,0.2,0,6,3,2
hryre,10,2,cocura_o2;coeuphr,0.4,0.5,0.1,0.0,0.2,0,4,3,6
weoroldar,10,2,coboeth_o2;cocura_o2,0.6,0.3,0.1,0.0,0.2,0,4,0,6
weoroldlust,10,2,coboeth_o2;cocura_o2,0.4,0.3,0.3,0.0,0.1,5,1,11,10
wunung,10,4,coapollo_o3;cobenrul_o3;coblick_o23;coeust,0.7,0.2,0.0,0.1,0.0,6,0,6,8
þrymm,10,3,coblick_o23;coboeth_o2;cocura_o2,0.3,0.7,0.0,0.0,0.3,3,3,8,3
